drug_name,cid,origin,smiles
ALW-II-38-3,24880028,LINCS,CC1=C(C=C(C=C1)NC(=O)C2=CC(=CC(=C2)N3C=C(N=C3)C)C(F)(F)F)NC(=O)C4=CC=NO4
ALW-II-49-7,24875320,LINCS,CC1=C(C=C(C=C1)C(=O)NC2=CC=CC(=C2)C(F)(F)F)NC3=CN=CC(=C3)C(=O)N
Dactolisib,11977753,LINCS,CC(C)(C#N)C1=CC=C(C=C1)N2C3=C4C=C(C=CC4=NC=C3N(C2=O)C)C5=CC6=CC=CC=C6N=C5
NVP-TAE684,16038120,LINCS,CC(C)S(=O)(=O)C1=CC=CC=C1NC2=NC(=NC=C2Cl)NC3=C(C=C(C=C3)N4CCC(CC4)N5CCN(CC5)C)OC
R406,11984591,LINCS,CC1(C(=O)NC2=C(O1)C=CC(=N2)NC3=NC(=NC=C3F)NC4=CC(=C(C(=C4)OC)OC)OC)C.C1=CC=C(C=C1)S(=O)(=O)O
BMS-536924,135440466,LINCS,CC1=CC(=CC2=C1N=C(N2)C3=C(C=CNC3=O)NC[C@H](C4=CC(=CC=C4)Cl)O)N5CCOCC5
KIN001-111,9549184,LINCS,CC(=O)N1CCN(CC1)C2CCC(CC2)N3C4=NC=NC(=C4C(=N3)C5=CC(=C(C=C5)NC(=O)C6=CC7=CC=CC=C7N6C)OC)N
XMD-12,54592204,LINCS,CN1C2=CC=CC=C2C(=O)N(C3=CN=C(N=C31)NC4=CC=C(C=C4)N5CCC(CC5)O)C
Canertinib,156414,LINCS,C=CC(=O)NC1=C(C=C2C(=C1)C(=NC=N2)NC3=CC(=C(C=C3)F)Cl)OCCCN4CCOCC4
Canertinib,156414,LINCS,C=CC(=O)NC1=C(C=C2C(=C1)C(=NC=N2)NC3=CC(=C(C=C3)F)Cl)OCCCN4CCOCC4
Canertinib,156414,LINCS,C=CC(=O)NC1=C(C=C2C(=C1)C(=NC=N2)NC3=CC(=C(C=C3)F)Cl)OCCCN4CCOCC4
KIN001-123,49821040,LINCS,CCC(=O)N(C)C1=CC=C(C=C1)NC2=NC3=C(C(=N2)NC4CCCN(C4)C(=O)C=C)NC=N3
5z-7-oxozeaenol,9863776,LINCS,C[C@H]1C/C=C\C(=O)[C@H]([C@H](C/C=C/C2=C(C(=CC(=C2)OC)O)C(=O)O1)O)O
JNK-IN-8,57340686,LINCS,CC1=C(C=CC(=C1)NC(=O)C2=CC(=CC=C2)NC(=O)/C=C/CN(C)C)NC3=NC=CC(=N3)C4=CN=CC=C4
ZSTK474,11647372,LINCS,C1COCCN1C2=NC(=NC(=N2)N3C4=CC=CC=C4N=C3C(F)F)N5CCOCC5
MPS-1-IN-1,25195352,LINCS,CC(C)S(=O)(=O)C1=CC=CC=C1NC2=CC(=NC3=C2C=CN3)NC4=C(C=C(C=C4)N5CCC(CC5)O)OC
Ibrutinib,24821094,LINCS,C=CC(=O)N1CCC[C@H](C1)N2C3=NC=NC(=C3C(=N2)C4=CC=C(C=C4)OC5=CC=CC=C5)N
Ibrutinib,24821094,LINCS,C=CC(=O)N1CCC[C@H](C1)N2C3=NC=NC(=C3C(=N2)C4=CC=C(C=C4)OC5=CC=CC=C5)N
TGX221,9907093,LINCS,CC1=CN2C(=O)C=C(N=C2C(=C1)C(C)NC3=CC=CC=C3)N4CCOCC4
BGJ398,53235510,LINCS,CCN1CCN(CC1)C2=CC=C(C=C2)NC3=CC(=NC=N3)N(C)C(=O)NC4=C(C(=CC(=C4Cl)OC)OC)Cl
KIN001-021,24825971,LINCS,CCNC1=CC(=NC(=N1)NC2=CC3=C(C=C2)N(C=C3)CC4=CC=CC=C4)NC5CCC(CC5)O
Pictilisib,17755052,LINCS,CS(=O)(=O)N1CCN(CC1)CC2=CC3=C(S2)C(=NC(=N3)C4=C5C=NNC5=CC=C4)N6CCOCC6
Pictilisib,17755052,LINCS,CS(=O)(=O)N1CCN(CC1)CC2=CC3=C(S2)C(=NC(=N3)C4=C5C=NNC5=CC=C4)N6CCOCC6
Buparlisib,16654980,LINCS,C1COCCN1C2=NC(=NC(=C2)C3=CN=C(C=C3C(F)(F)F)N)N4CCOCC4
Alpelisib,56649450,LINCS,CC1=C(SC(=N1)NC(=O)N2CCC[C@H]2C(=O)N)C3=CC(=NC=C3)C(C)(C)C(F)(F)F
Alpelisib,56649450,LINCS,CC1=C(SC(=N1)NC(=O)N2CCC[C@H]2C(=O)N)C3=CC(=NC=C3)C(C)(C)C(F)(F)F
Taselisib,51001932,LINCS,CC1=NN(C(=N1)C2=CN3CCOC4=C(C3=N2)C=CC(=C4)C5=CN(N=C5)C(C)(C)C(=O)N)C(C)C
CH5424802,49806720,LINCS,CCC1=CC2=C(C=C1N3CCC(CC3)N4CCOCC4)C(C5=C(C2=O)C6=C(N5)C=C(C=C6)C#N)(C)C
CH5424802,49806720,LINCS,CCC1=CC2=C(C=C1N3CCC(CC3)N4CCOCC4)C(C5=C(C2=O)C6=C(N5)C=C(C=C6)C#N)(C)C
Ceritinib,57379345,LINCS,CC1=CC(=C(C=C1C2CCNCC2)OC(C)C)NC3=NC=C(C(=N3)NC4=CC=CC=C4S(=O)(=O)C(C)C)Cl
Ceritinib,57379345,LINCS,CC1=CC(=C(C=C1C2CCNCC2)OC(C)C)NC3=NC=C(C(=N3)NC4=CC=CC=C4S(=O)(=O)C(C)C)Cl
Ribociclib,44631912,LINCS,CN(C)C(=O)C1=CC2=CN=C(N=C2N1C3CCCC3)NC4=NC=C(C=C4)N5CCNCC5
Ribociclib,44631912,LINCS,CN(C)C(=O)C1=CC2=CN=C(N=C2N1C3CCCC3)NC4=NC=C(C=C4)N5CCNCC5
BMX-IN-1,71576693,LINCS,CC1=C(C=C(C=C1)N2C(=O)C=CC3=CN=C4C=CC(=CC4=C32)C5=CC=C(C=C5)NS(=O)(=O)C)NC(=O)C=C
SCH772984,24866313,LINCS,C1CN(C[C@@H]1C(=O)NC2=CC3=C(C=C2)NN=C3C4=CC=NC=C4)CC(=O)N5CCN(CC5)C6=CC=C(C=C6)C7=NC=CC=N7
THZ1,73602827,LINCS,CN(C)C/C=C/C(=O)NC1=CC=C(C=C1)C(=O)NC2=CC=CC(=C2)NC3=NC=C(C(=N3)C4=CNC5=CC=CC=C54)Cl
JNK-IN-11,57340689,LINCS,CN(C)C/C=C/C(=O)NC1=CC=CC(=C1)C(=O)NC2=CC=C(C=C2)NC3=NC=CC(=N3)C4=C5C=CC=CN5N=C4C6=CC=CC=C6
WZ4003,72200024,LINCS,CCC(=O)NC1=CC(=CC=C1)OC2=NC(=NC=C2Cl)NC3=C(C=C(C=C3)N4CCN(CC4)C)OC
ERK5-IN-1,46844147,LINCS,CN1CCN(CC1)C2=CC(=C(C=C2)NC3=NC=C4C(=N3)N(C5=CC=CC=C5C(=O)N4C)C)OC
Abemaciclib,46220502,LINCS,CCN1CCN(CC1)CC2=CN=C(C=C2)NC3=NC=C(C(=N3)C4=CC5=C(C(=C4)F)N=C(N5C(C)C)C)F
Abemaciclib,46220502,LINCS,CCN1CCN(CC1)CC2=CN=C(C=C2)NC3=NC=C(C(=N3)C4=CC5=C(C(=C4)F)N=C(N5C(C)C)C)F
Palbociclib,5330286,LINCS,CC1=C(C(=O)N(C2=NC(=NC=C12)NC3=NC=C(C=C3)N4CCNCC4)C5CCCC5)C(=O)C
Palbociclib,5330286,LINCS,CC1=C(C(=O)N(C2=NC(=NC=C12)NC3=NC=C(C=C3)N4CCNCC4)C5CCCC5)C(=O)C
Palbociclib,5330286,LINCS,CC1=C(C(=O)N(C2=NC(=NC=C12)NC3=NC=C(C=C3)N4CCNCC4)C5CCCC5)C(=O)C
QL-XII-47,71748056,LINCS,CN1C=C(C=N1)C2=CC3=C4C(=CN=C3C=C2)C=CC(=O)N4C5=CC6=C(CCN6C(=O)C=C)C=C5
UNC10225469A,70683337,LINCS,C1CC1C2=NN3C(=O)C=C(N=C3N2CC4=C(C(=CC=C4)Cl)Cl)N5CCOCC5
UNC10225012A,53466951,LINCS,CN1C=C(C=N1)C2=CN=C(C3=C2SC=C3C4=CC5=C(C=C4)N(CC5)C(=O)CC6=CC=CC=C6)N
UNC10225159A,44529239,LINCS,CS(=O)(=O)CC1=CC=C(C=C1)NC2=NC=CC(=N2)C3=C4C=CC=NN4N=C3C5=CC(=CC=C5)NC(=O)C6CCCCC6
UNC10225310A,44529279,LINCS,COC1=C(C(=CC=C1)OC)C(=O)NC2=CC=CC(=C2)C3=NN4C=CC=CC4=C3C5=NC(=NC=C5)NC6=CC(=CC=C6)F
UNC10225187A,2787267,LINCS,CC1=CC=C(C=C1)NC(=O)NC2=CC=CC(=C2)C(F)(F)F
UNC10225062A,7,LINCS,CCN1C=NC2=C(N=CN=C21)N
UNC10225296A,44532438,LINCS,CC1=C(C=C(C=C1)O)NC2=C3C=CC(=CC3=NC=C2)C4=CC=C(O4)CN5CCCCC5
UNC10225430A,25023825,LINCS,CC1=C(C=C(C=C1)O)NC2=CC(=NC3=C2C=C(C=C3)C4=CC=NC=C4)C(F)(F)F
UNC10225266A,9998128,LINCS,CC1=NC(=CC=C1)C2=NC3=CC=CC=C3C(=N2)NC4=CC5=C(C=C4)NN=C5
UNC10225324A,25190912,LINCS,COC1=C(C=C2C(=C1)N=CN2C3=CC(=C(S3)C(=O)N)OCC4=CC=C(C=C4)S(=O)(=O)C)OC
PFE-PKIS 10,71731823,LINCS,C[C@@H]1C2=C(C=CC(=C2)F)C(=O)N(CC3=NN(C(=C3C4=CC(=C(N=C4)N)O1)C#N)C)C
PFE-PKIS 11,50992245,LINCS,COCCOCCOC1=C(C=C2C(=C1)N=CC3=C2NC4=C3C=CC(=C4)C#N)OC
PFE-PKIS 12,71552942,LINCS,C1CCC(C1)NC2=NC(=NC=C2C(=O)NCCCN3CCOC3=O)NCC4=C(C=CC(=C4)Cl)Cl
PFE-PKIS 13,11612883,LINCS,CS(=O)(=O)C1=CC=CC(=C1)CNC2=NC(=NC=C2C(F)(F)F)NC3=CC4=C(C=C3)NC(=O)CC4
PFE-PKIS 14,56675921,LINCS,C1=CC(=CC=C1C2=CC3=C(S2)C(=NC=N3)SCC(=O)O)C(=O)N
PFE-PKIS 15,9937619,LINCS,C1CC1CONC(=O)C2=CC(=C(C(=C2NC3=C(C=C(C=C3)I)Cl)F)F)Br
PFE-PKIS 16,138726948,LINCS,CN1CCN(CC1)CCOC2=C(C=C3C(=C2)N=CC4=C3NC5=C4C=CC(=C5)C#N)OC
PFE-PKIS 18,139036271,LINCS,CC(C)N1C(=O)CC2=C1C=CC(=C2)NC3=NC=C(C(=N3)NCC4=CC(=CC=C4)S(=O)(=O)C)C(F)(F)F
PFE-PKIS 19,11715767,LINCS,C1CNC(=O)C2=C1NC(=C2)C3=CC=NC=C3
PFE-PKIS 2,70693799,LINCS,C1COCCN1C2=C(C(=C(S2)C3=CC=NN3)C4=CC=C(C=C4)Cl)C#N
PFE-PKIS 21,9826528,LINCS,C1=CC(=C(C=C1I)F)NC2=C(C=CC(=C2F)F)C(=O)NOC[C@@H](CO)O
PFE-PKIS 21,9826528,LINCS,C1=CC(=C(C=C1I)F)NC2=C(C=CC(=C2F)F)C(=O)NOC[C@@H](CO)O
PFE-PKIS 23,21952489,LINCS,CN(C1=CC=CC(=C1)CNC2=NC(=NC=C2C(F)(F)F)NC3=CC4=C(C=C3)NC(=O)C4)S(=O)(=O)C
PFE-PKIS 24,138726947,LINCS,COC1=C(C=C2C(=C1)C3=C(C=N2)C4=C(N3)C=C(C=C4)C#N)OCCN5CCNCC5
PFE-PKIS 25,9926791,LINCS,C[C@@H]1CCN(C[C@@H]1N(C)C2=NC=NC3=C2C=CN3)C(=O)CC#N
PFE-PKIS 25,9926791,LINCS,C[C@@H]1CCN(C[C@@H]1N(C)C2=NC=NC3=C2C=CN3)C(=O)CC#N
PFE-PKIS 26,11598628,LINCS,CN(C1=CC=CC=C1CNC2=NC(=NC=C2C(F)(F)F)NC3=CC4=C(C=C3)NC(=O)C4)S(=O)(=O)C
PFE-PKIS 27,6918454,LINCS,C1CC1CONC(=O)C2=C(C(=C(C=C2)F)F)NC3=C(C=C(C=C3)I)Cl
PFE-PKIS 3,5328127,LINCS,CC(C)(C)NC(=O)NC1=C(C=C2C=NC(=NC2=N1)N)C3=CC(=CC(=C3)OC)OC
PFE-PKIS 30,135565545,LINCS,CN1C=C(C=N1)C2=C3C=NNC(=O)C4=C3C(=CC(=C4)NC(=O)[C@@H](C5CCCCC5)N)N2
PFE-PKIS 30,135565545,LINCS,CN1C=C(C=N1)C2=C3C=NNC(=O)C4=C3C(=CC(=C4)NC(=O)[C@@H](C5CCCCC5)N)N2
PFE-PKIS 31,53484072,LINCS,CC(=O)NC1=CC=C(C=C1)C2=CC3=C(S2)C(=NC=N3)SCC(=O)O
PFE-PKIS 32,5330286,LINCS,CC1=C(C(=O)N(C2=NC(=NC=C12)NC3=NC=C(C=C3)N4CCNCC4)C5CCCC5)C(=O)C
PFE-PKIS 32,5330286,LINCS,CC1=C(C(=O)N(C2=NC(=NC=C12)NC3=NC=C(C=C3)N4CCNCC4)C5CCCC5)C(=O)C
PFE-PKIS 32,5330286,LINCS,CC1=C(C(=O)N(C2=NC(=NC=C12)NC3=NC=C(C=C3)N4CCNCC4)C5CCCC5)C(=O)C
PFE-PKIS 33,45271846,LINCS,C[C@@H]1CNC2=C(C(=O)N1)SC3=C2C4=C(C=C3)N=C(C=C4)C5=CC=NC=C5
PFE-PKIS 34,49856321,LINCS,C[C@@H]1CCN(C[C@@H]1N(C)C2=NC=NC3=C2C=CN3)C(=O)CO
PFE-PKIS 37,11626560,LINCS,C[C@H](C1=C(C=CC(=C1Cl)F)Cl)OC2=C(N=CC(=C2)C3=CN(N=C3)C4CCNCC4)N
PFE-PKIS 37,11626560,LINCS,C[C@H](C1=C(C=CC(=C1Cl)F)Cl)OC2=C(N=CC(=C2)C3=CN(N=C3)C4CCNCC4)N
PFE-PKIS 38,4369491,LINCS,C1=CC=C(C=C1)C2=CC3=C(C4=C(N3)C=CC(=C4)O)C5=C2C(=O)NC5=O
PFE-PKIS 39,24871823,LINCS,C[C@@H](C1=CC2=C(C=C1)N=CC=C2)C3=NN=C4N3N=C(C=C4)C5=CN(N=C5)C
PFE-PKIS 4,17754438,LINCS,C1=CC2=C(C=CC(=C2)CN3C4=NC(=CN=C4N=N3)C5=CN(N=C5)CCO)N=C1
PFE-PKIS 4,17754438,LINCS,C1=CC2=C(C=CC(=C2)CN3C4=NC(=CN=C4N=N3)C5=CN(N=C5)CCO)N=C1
PFE-PKIS 41,22049997,LINCS,CC1=C(C=C(C=C1)C(=O)NC)N2C(=CC(=C(C2=O)Br)OCC3=C(C=C(C=C3)F)F)C
PFE-PKIS 41,22049997,LINCS,CC1=C(C=C(C=C1)C(=O)NC)N2C(=CC(=C(C2=O)Br)OCC3=C(C=C(C=C3)F)F)C
PFE-PKIS 43,56675920,LINCS,CSC1=CC=C(C=C1)C2=CC3=C(S2)C(=NC=N3)SCC(=O)O
PFE-PKIS 6,6450551,LINCS,CNC(=O)C1=CC=CC=C1SC2=CC3=C(C=C2)C(=NN3)/C=C/C4=CC=CC=N4
PFE-PKIS 6,6450551,LINCS,CNC(=O)C1=CC=CC=C1SC2=CC3=C(C=C2)C(=NN3)/C=C/C4=CC=CC=N4
PFE-PKIS 7,5328135,LINCS,CCN(CC)CCCCNC1=NC2=NC(=C(C=C2C=N1)C3=C(C=CC=C3Cl)Cl)NC(=O)NC(C)(C)C
PFE-PKIS 8,53344620,LINCS,C[C@@H]1CCN(C[C@@H]1N(C)C2=NC=NC3=C2C=CN3)C(=O)N4CCCC4
PFE-PKIS 9,53484073,LINCS,C1=CC2=C(C=C1C3=CC4=C(S3)C(=NC=N4)OCC(=O)O)C=NN2
SB-210486,10452739,LINCS,C1=CC=C(C=C1)CNCCCN2C=NC(=C2C3=CC=NC=C3)C4=CC=C(C=C4)F
SB-226605,23133388,LINCS,CCNC1=NC=CC(=N1)C2=C(N=CN2C3CCN(CC3)C)C4=CC=C(C=C4)F
UNC10225272A,14308053,LINCS,CC1=CC=CC=C1N2C=NC3=C(N=CN=C32)N
UNC10225284A,44305910,LINCS,C1=CC(=CC(=C1)F)N2C=NC3=C(N=CN=C32)N
TPKI-100,9958506,LINCS,COC(=O)C1=C(C2=C(C=CC(=C2)Br)C(=O)N1CC3=CC=C(C=C3)S(=O)(=O)C)C4=CC=CC=C4
TPKI-101,10195059,LINCS,CCC(=O)C1=C(C2=C(C=CC(=C2)Cl)C(=O)N1CC3=CC=C(C=C3)C(=O)O)C4=CC=CC=C4
TPKI-102,11213972,LINCS,CCC(=O)C1=C(C2=C(C=CC(=C2)Cl)C(=O)N1CC3=NN(C(=C3)C(=O)NC4CC4)C)C5=CC=CC=C5
TPKI-103,44451560,LINCS,CCC(=O)C1=C(C2=C(C=CC(=C2)Cl)C(=O)N1CC3=NN(C(=C3)S(=O)(=O)C)CC(F)F)C4=CC=CC=C4
TPKI-104,44451561,LINCS,CCC(=O)C1=C(C2=C(C=CC(=C2)Cl)C(=O)N1CC3=NN(C(=C3)S(=O)(=O)C)CCC(C)(C)O)C4=CC=CC=C4
TPKI-105,11678117,LINCS,CCC(=O)C1=C(C2=C(C=CC(=C2)Cl)C(=O)N1CC3=NN(C(=C3)S(=O)(=O)C)CC(=O)N)C4=CC=CC=C4
TPKI-106,11277481,LINCS,CCC1=NC(=C(S1)C2=CC=NC=C2)C3=CC=CC(=C3)C
TPKI-107,9952773,LINCS,CCC1=NC(=C(S1)C2=CC(=NC=C2)NC(=O)C3=CC=CC=C3)C4=CC=CC(=C4)C
TPKI-108,10134696,LINCS,CCC1=NC(=C(S1)C2=CC(=NC=C2)NCC3=CC=CC=C3)C4=CC=CC(=C4)C
TPKI-109,11418329,LINCS,CC1=CC(=CC=C1)C2=C(SC(=N2)C3=CC=C(C=C3)S(=O)(=O)C)C4=CC=NC=C4
TPKI-110,10165183,LINCS,CC1=CC(=CC=C1)C2=C(SC(=N2)C3=CC=C(C=C3)S(=O)(=O)C)C4=CC(=NC=C4)NCCC5=CC=CC=C5
TPKI-111,59507062,LINCS,CC1=C(C=C(C=C1)NC(=O)C2=CC=CC(=C2)CCC#N)NC3=NC=C4C(=N3)SC(=N4)NC(=O)C
TPKI-112,59507002,LINCS,CC1=C(C=C(C=C1)NC(=O)C2=CC=CC(=C2)CC(C)(C)C#N)NC3=NC=C4C(=N3)SC(=N4)NC(=O)C
TPKI-113,59506918,LINCS,CC1=C(C=C(C=C1)NC(=O)C2=C(C(=CC=C2)C3(CC3)C#N)Cl)NC4=NC=C5C(=N4)SC(=N5)NC(=O)C
TPKI-114,25206346,LINCS,CC(C)(C#N)OC1=CC=CC(=C1Cl)C(=O)NC2=C(C=CC(=C2)N(C)C3=NC4=C(C=C3)N=C(S4)NC(=O)C5CC5)F
TPKI-16,24968572,LINCS,CN1C2=C(C(=C(C1=O)F)NC3=C(C=C(C=C3)I)F)C(=O)N(C=N2)OC[C@@H](CO)O
TPKI-24,25015677,LINCS,CN1CCC(CC1)NC(=O)C2=CC(=C(C=C2)NC3=NC=C4C(=N3)N(CC(C(=O)N4C)(F)F)C5CCCC5)OC
TPKI-25,25252909,LINCS,CC[C@]1(CN(C2=NC(=NC=C2N(C1=O)C)NC3=C(C=C(C=C3)C(=O)NC4CCN(CC4)C)OC)C5CCCC5)F
TPKI-26,25252911,LINCS,CC[C@@]1(CN(C2=NC(=NC=C2N(C1=O)C)NC3=C(C=C(C=C3)C(=O)NC4CCN(CC4)C)OC)C5CCCC5)F
TPKI-27,57970023,LINCS,CN1CCC(CC1)NC(=O)C2=CC(=C(C=C2)NC3=NC=C4C(=N3)N(C[C@@H](C(=O)N4C)CC=C)C5CCCC5)OC
TPKI-28,57955668,LINCS,CN1CCC(CC1)NC(=O)C2=CC(=C(C(=C2)F)NC3=NC=C4C(=N3)N(CC(C(=O)N4C)(F)F)C5CCCC5)OC
TPKI-29,25253525,LINCS,CN1CCC(CC1)NC(=O)C2=CC=C(C=C2)NC3=NC=C4C(=N3)N(CC(C(=O)N4C)(F)F)C5CCCC5
TPKI-30,57955660,LINCS,CN1CCC(CC1)NC(=O)C2=C(C=C(C=C2)NC3=NC=C4C(=N3)N(CC(C(=O)N4C)(F)F)C5CCCC5)OC
TPKI-31,57955606,LINCS,CC1=C(C=CC(=C1)NC2=NC=C3C(=N2)N(CC(C(=O)N3C)(F)F)C4CCCC4)C(=O)NC5CCN(CC5)C
TPKI-32,2814562,LINCS,C1=CC=C2C(=C1)C(=C(N=N2)C(=O)N)N
TPKI-33,122180346,LINCS,CN1C=C(C=N1)C2=CC=CC3=C(C(=NN=C32)C(=O)N)N
TPKI-34,71765510,LINCS,CC1=CC2=C(C=C1C3=CC=CC4=C(C(=NN=C43)C(=O)N)N)NN=C2
TPKI-35,57505462,LINCS,CC1=CC(=NN1C2=CC=CC=C2)C(=O)NC3=CC=C(C=C3)OC4=NN5C=C(N=C5C=C4)NC(=O)C6CC6
TPKI-36,70988670,LINCS,C1CC1C(=O)NC2=CN3C(=N2)C=CC(=N3)OC4=C(C=C(C=C4)NC(=O)C5=CC=CN(C5=O)C6=CC=CC=C6)F
TPKI-37,44595039,LINCS,CC1=CC=C(C(=O)N1C2=CC=CC=C2)C(=O)NC3=CC(=C(C=C3)OC4=CN5C=C(N=C5C=C4)NC(=O)C6CC6)F
TPKI-38,57505524,LINCS,C1=CC=C(C=C1)NC(=O)NC2=CC=C(C=C2)OC3=NN4C=CN=C4C=C3
TPKI-39,57505525,LINCS,C1=CC=C(C=C1)NC(=O)NC2=CC(=CC=C2)OC3=NN4C=CN=C4C=C3
TPKI-40,57505526,LINCS,C1=CC(=CC(=C1)NC(=O)NC2=CC(=CC=C2)OC3=NN4C=CN=C4C=C3)C(F)(F)F
TPKI-41,57441068,LINCS,C1=CC=C(C=C1)NC(=O)C2=CC(=CC=C2)OC3=NN4C=CN=C4C=C3
TPKI-42,57505784,LINCS,C1=CC(=CC(=C1)OC2=NN3C=CN=C3C=C2)C(=O)NC4=CC=CC(=C4)C(F)(F)F
TPKI-43,15949613,LINCS,CN1C=CC2=C1C(=NC=N2)OC3=CC(=C(C=C3)NC(=O)NC4=CC=CC(=C4)C(F)(F)F)F
TPKI-44,57386062,LINCS,CC(=O)NC1=CN2C(=N1)C=CC(=N2)OC3=CC=CC(=C3)NC(=O)C4=CC(=CC=C4)C(F)(F)F
TPKI-45,57386319,LINCS,C1CC1C(=O)NC2=CN3C(=N2)C=CC(=N3)OC4=CC=CC(=C4)NC(=O)C5=CC=CC=C5C(F)(F)F
TPKI-46,57386570,LINCS,COC1=CC=CC(=C1)C(=O)NC2=CC(=CC=C2)OC3=NN4C=C(N=C4C=C3)NC(=O)C5CC5
TPKI-47,57387590,LINCS,C1CC1C(=O)NC2=NC3=C(S2)N=C(C=C3)OC4=CC=CC(=C4)NC(=O)C5=CC(=CC=C5)C6(CC6)C#N
TPKI-48,71568837,LINCS,CCC1=CC=C(C=C1)C2=CC3=C(C=C2)N(S(=O)(=O)C4=C3NN=C4)C
TPKI-49,71567007,LINCS,CN1C2=C(C=C(C=C2)C3=CC=C(C=C3)C(=O)N)C4=C(S1(=O)=O)C=NN4
TPKI-50,71567008,LINCS,CN1C2=C(C=C(C=C2)C3=CC=C(C=C3)C(=O)NCCO)C4=C(S1(=O)=O)C=NN4
TPKI-51,71567006,LINCS,CCC1=CC=C(C=C1)C2=CC3=C(C=C2)N(S(=O)(=O)C4=C3N(N=C4)C)C
TPKI-52,71567148,LINCS,CCC1=CC=C(C=C1)C2=CC3=C(C=C2)N(S(=O)(=O)C4=CN(N=C34)C)C
TPKI-53,71567144,LINCS,CN1C2=C(C=C(C=C2)CNC3=CC=C(C=C3)F)C4=C(S1(=O)=O)C=NN4C
TPKI-54,71567146,LINCS,CN1C2=C(C=C(C=C2)NCC3=CC=C(C=C3)F)C4=C(S1(=O)=O)C=NN4C
TPKI-55,59175651,LINCS,CC(C)(C)C1=CC=C(C=C1)C(=O)NC2=CN3C=C(C=CC3=N2)Cl
TPKI-56,59175418,LINCS,CC(C)(C)C1=CC=C(C=C1)C(=O)NC2=CN3C=C(C=CC3=N2)CNC
TPKI-57,59175319,LINCS,CC(C)(C)C1=CC=C(C=C1)C(=O)NC2=CN3C=C(C=CC3=N2)C4=CC=CC=C4
TPKI-58,59175292,LINCS,CC(C)(C)C1=CC=C(C=C1)C(=O)NC2=CN3C=C(C=CC3=N2)C4=CN=CC=C4
TPKI-59,24944925,LINCS,CC(C)(C)C1=CC=C(C=C1)C(=O)NC2=CN3C=C(C=CC3=N2)N4C=CN=C4
TPKI-60,56851433,LINCS,C1=CC(=CC=C1C#N)OC2=C(C=C(C=C2)NC3=NC=NC4=C3NC=C4)Cl
TPKI-61,56851594,LINCS,C1=CC(=CC(=C1)F)COC2=C(C=C(C=C2)NC3=NC=NC4=C3NC=C4)Cl
TPKI-62,56849555,LINCS,C1=CC=NC(=C1)COC2=C(C=C(C=C2)NC3=NC=NC4=C3NC=C4)Cl
TPKI-63,56849556,LINCS,CC1=NC=C(C=C1)OC2=C(C=C(C=C2)NC3=NC=NC4=C3NC=C4)C
TPKI-64,56849558,LINCS,CN1C=CC2=C1C(=NC=N2)NC3=CC(=C(C=C3)OC4=CC(=CC=C4)Cl)Cl
TPKI-65,56849703,LINCS,C1=CC(=CC(=C1)Cl)OC2=C(C=C(C=C2)NC3=NC=NC4=C3N(C=C4)CCOCCO)Cl
TPKI-66,56849850,LINCS,C1=CC(=CC(=C1)OC2=C(C=C(C=C2)NC3=NC=NC4=C3N(C=C4)CCNC(=O)CCO)Cl)C(F)(F)F
TPKI-67,52941625,LINCS,CC1=CC(=CC=C1)NC(=O)NC2=CC=C(C=C2)OC3=NC=NC4=C3N(C=C4)C
TPKI-68,15949611,LINCS,CN1C=CC2=C1C(=NC=N2)OC3=CC(=C(C=C3)NC(=O)NC4=CC=CC(=C4)C(F)(F)F)Cl
TPKI-69,52950146,LINCS,CN1C=CC2=C1C(=NC=N2)OC3=CC=C(C=C3)NC(=O)NC4=CC=CC=C4
TPKI-70,52942278,LINCS,CN1C=CC2=C1C(=NC=N2)OC3=CC=CC(=C3)C(=O)NC4=CC=CC=C4
TPKI-71,52947605,LINCS,CCCNC(=O)NC1=CC=C(C=C1)OC2=NC=NC3=C2N(C=C3)C
TPKI-72,52946084,LINCS,CN1C=CC2=C1C(=NC=N2)OC3=CC=C(C=C3)NC4=NC5=CC=CC=C5N4
TPKI-73,52944922,LINCS,CN1C=CC2=C1C(=NC=N2)OC3=CC(=C(C=C3)NC(=O)NC4=CN=CC=C4)Cl
TPKI-74,52943750,LINCS,CN1C=CC2=C1C(=NC=N2)OC3=CC(=C(C=C3)NC(=O)NC4=CC=NC=C4)Cl
TPKI-75,52943829,LINCS,CC(C)(C)N1C=C(C=N1)NC(=O)NC2=C(C=C(C=C2)OC3=NC=NC4=C3N(C=C4)C)Cl
TPKI-76,52942791,LINCS,CC(C)(C)C1=CC(=NO1)NC(=O)NC2=C(C=C(C=C2)OC3=NC=NC4=C3N(C=C4)C)Cl
TPKI-77,52946218,LINCS,CN1C=CC2=C1C(=NC=N2)OC3=CC(=C(C=C3)NC(=O)NC4=CN=CC(=C4)C(F)(F)F)Cl
TPKI-78,52948666,LINCS,CN1C=CC2=C1C(=NC=N2)OC3=CC(=C(C=C3)NC(=O)NC4=CC(=NC=C4)C(F)(F)F)Cl
TPKI-79,68663586,LINCS,CC1=NN=C(O1)C2=CC3=C(C=C2)OC=C3C4=CC=C(C=C4)OC
TPKI-80,44481212,LINCS,CC1=NN=C(O1)C2=CC3=C(C=C2)OC=C3C4=CC=C(C=C4)C(C)O
TPKI-81,24855983,LINCS,CCS(=O)C1=CC=C(C=C1)C2=COC3=C2C=C(C=C3)C4=NN=C(O4)C
TPKI-82,44480949,LINCS,CC1=NN=C(O1)C2=CC3=C(C=C2)N=CN3C4=CC=C(C=C4)S(=O)C
TPKI-83,44481752,LINCS,CC1=NN=C(O1)C2=CN3C(=NC=C3C4=CC=C(C=C4)S(=O)C)C=C2
TPKI-84,44478382,LINCS,CC1=NN=C(O1)C2=NC3=C(C=C2)OC=C3C4=CC=C(C=C4)S(=O)C
TPKI-85,44478652,LINCS,CC1=NC(=NN1)C2=CC3=C(C=C2)OC=C3C4=CC=C(C=C4)S(=O)C
TPKI-86,44481207,LINCS,CC1=NN=C(C=C1)C2=CC3=C(C=C2)OC=C3C4=CC=C(C=C4)S(=O)C
TPKI-87,44482290,LINCS,CS(=O)C1=CC=C(C=C1)C2=COC3=C2C=C(C=C3)C4=NNC(=O)O4
TPKI-88,44590237,LINCS,C1COC2=C1C=C(C=C2)C3=NN=C(O3)SCC4=CC(=CC=C4)F
TPKI-89,44590238,LINCS,COC1=CC=C(C=C1)CSC2=NN=C(O2)C3=CC4=C(C=C3)OCC4
TPKI-90,44590414,LINCS,C1COC2=C1C=C(C=C2)C3=NN=C(O3)OCC4=CC(=CC=C4)F
TPKI-91,23729136,LINCS,COC1=C(C=C(C=C1)CSC2=NN=C(O2)C3=CC4=C(C=C3)N=CS4)C(F)(F)F
TPKI-92,68664487,LINCS,COC1=C(C=C(C=C1)CSC2=NN=C(O2)C3=CN4C=CN=C4C=C3)C(F)(F)F
TPKI-93,44590466,LINCS,COC1=CC=C(C=C1)C2=COC3=C2C=C(C=C3)C4=NN=C(O4)SCC5=CC(=C(C=C5)OC)C(F)(F)F
TPKI-94,44590535,LINCS,COC1=CC=C(C=C1)C2=COC3=C2C=C(C=C3)C4=NN=C(O4)SCC5=CC(=CC=C5)C#N
TPKI-95,10153026,LINCS,COC(=O)C1=C(C2=C(C=CC(=C2)Br)C(=O)N1CC3=CC=C(C=C3)NC(=O)CCC(=O)O)C4=CC=CC=C4
TPKI-96,44451882,LINCS,CC1=CC2=C(C=C1)C(=O)N(C(=C2C3=CC=CC=C3)C(=O)OC)CC4=CC=CC=C4
TPKI-97,44451820,LINCS,COC1=CC2=C(C=C1)C(=O)N(C(=C2C3=CC=CC=C3)C(=O)OC)CC4=CC=CC=C4
TPKI-98,44451795,LINCS,COC(=O)C1=C(C2=C(C=CC(=C2)C(=O)O)C(=O)N1CC3=CC=CC=C3)C4=CC=CC=C4
TPKI-99,44451791,LINCS,COC(=O)C1=C(C2=C(C=CC(=C2)Cl)C(=O)N1CC3=CC=C(C=C3)S(=O)(=O)C)C4=CC=CC=C4
UNC10112604A,44532523,LINCS,CS(=O)(=O)CCNCC1=CC=C(O1)C2=CC3=C(C=C2)N=CN=C3NC4=CC(=C(C=C4)OCC5=CC=CC=C5)Cl.Cl
UNC10112721A,10173796,LINCS,CN1CCN(CC1)C2=C(C=C(C=C2)NC3=NC=CC(=N3)C4=C5C=CC=NN5N=C4)C(F)(F)F
UNC10112764A,57393604,LINCS,C1=CC(=CC(=C1)S(=O)(=O)N)NC2=NNC(=C2)C3=CC=C(C=C3)F.Cl
UNC10112774A,57396350,LINCS,C1=COC(=C1)C(=O)NC2=NC3=C(N2)C=C(C=C3)OC4=CC=C(C=C4)NC(=O)NC5=C(C=CC(=C5)C(F)(F)F)F.Cl
UNC10112792A,44536036,LINCS,C1=CC(=CC=C1C2=COC3=NC=NC(=C23)N)NC(=O)NC4=C(C=CC(=C4)C(F)(F)F)F.Cl
UNC10112830A,599038,LINCS,CCN1C2=CC=CC=C2N=C1C3=NON=C3N
UNC10126563B,156414,LINCS,C=CC(=O)NC1=C(C=C2C(=C1)C(=NC=N2)NC3=CC(=C(C=C3)F)Cl)OCCCN4CCOCC4
UNC10126563B,156414,LINCS,C=CC(=O)NC1=C(C=C2C(=C1)C(=NC=N2)NC3=CC(=C(C=C3)F)Cl)OCCCN4CCOCC4
UNC10126563B,156414,LINCS,C=CC(=O)NC1=C(C=C2C(=C1)C(=NC=N2)NC3=CC(=C(C=C3)F)Cl)OCCCN4CCOCC4
UNC10224985A,44526070,LINCS,CC1=C(C=C(C=C1)NC(=O)C2=CC=C(C=C2)Cl)C3=CC=C(C=C3)C(=O)NC4=CC=NC=C4
UNC10224986A,44578566,LINCS,C1CC1CNC(=O)C2=CC=C(C=C2)C3=C(C=CC(=C3)C(=O)NC4CC4)F
UNC10224987A,53468037,LINCS,CN1C=C(C2=C(N=CN=C21)N)C3=CC4=C(C=C3)N(CC4)C(=O)CC5=CC(=CC=C5)OC
UNC10224988A,44529220,LINCS,C1=CC2=C(C(=NN2C=C1)C3=CC(=CC=C3)NC(=O)C4=C(C=CC=C4F)F)C5=NC(=NC=C5)NC6=CC=CC(=C6)CCS(=O)(=O)N
UNC10224990A,44529053,LINCS,C1=CC(=CC(=C1)S(=O)(=O)C2=C(C=C(C=C2)NC3=NC=NC4=C3SC(=C4)Br)Cl)F.Cl
UNC10224991A,56673516,LINCS,CC(C)C1=NC(=C(S1)C2=NC(=NC=C2)NC3=CN=C(C=C3)N4CCOCC4)C5=C(C(=CC=C5)NS(=O)(=O)C6=C(C=CC=C6F)F)F
UNC10224992A,44526073,LINCS,CC1=C(C=C(C=C1)NC(=O)NC2=CC=CC=C2)C3=CC=C(C=C3)C(=O)NC4=CC=NC=C4
UNC10224993A,44526920,LINCS,CC1=CC(=NC(=N1)NC2=CC=C(C=C2)S(=O)(=O)N3CCOCC3)N4CC5=CC=CC=C5C4.Cl
UNC10224994A,51354036,LINCS,C[C@@H]1CO[C@@H](CN1C2=NC(=NC(=C2)C3=CC4=C(C=C3)C(=NN4)N)NC)C(=O)NC5CCCCC5
UNC10224995A,19879232,LINCS,CS(=O)(=O)C1=CC=C(C=C1)C2=C(N3CCCC3=N2)C4=CC=NC=C4
UNC10224997A,45269578,LINCS,CC1=NC(=CC=C1)C2=NC3=CC=CC=C3C(=N2)NC4=CC(=NC=C4)C
UNC10224998A,44525926,LINCS,CCCC1=CC=C(C=C1)S(=O)(=O)NC2CCN(C2)C3=NC(=NC=C3)NC4=CC=C(C=C4)F
UNC10224999A,44532538,LINCS,CC1=C(C=C(C=C1)NC2=NC(=NC=C2)NC3=CC4=C(CS(=O)(=O)C4)C=C3)O.Cl
UNC10225000A,66561010,LINCS,C1CN(C2=C1C=C(C=C2)C3=COC4=NC=NC(=C34)N)C(=O)CC5=C(C=CC(=C5)F)F
UNC10225001A,10287409,LINCS,CS(=O)(=O)C1=CC=CC=C1C2=NC(=C(N2)C3=CC=NC=C3)C4=CC=C(C=C4)F
UNC10225002A,6539606,LINCS,C1CC1C(=O)NC2=NNC3=C2C=CC(=C3)C4=CC(=CC=C4)F
UNC10225004A,6539572,LINCS,COC1=CC=CC=C1C2=NC3=C(C=C2)C(=NN3)NC(=O)C4CC4
UNC10225005A,60150509,LINCS,CC1CN(CCO1)C2=CC(=O)N3C(=N2)N(C(=N3)C)CC4=C(C(=CC=C4)C(F)(F)F)C
UNC10225007A,44532200,LINCS,C1=CC=NC(=C1)C2=CC3=NC=CC(=C3C=C2)NC4=CC5=C(C=C4)NN=C5.Cl
UNC10225008A,10086873,LINCS,CC1=NC(=CC=C1)C2=NC3=CC=CC=C3C(=C2)NC4=CC=NC=C4
UNC10225009A,44578630,LINCS,CC1=C(C=C(C=C1)NC(=O)C2=CC(=NC=C2)N3CCN(CC3)C)C4=CC=C(C=C4)C(=O)NCC5CC5
UNC10225010A,44525940,LINCS,CC(C1=CC=C(C=C1)Cl)C(=O)NC2CCN(C2)C3=NC(=NC=C3)NC4=CC=C(C=C4)OC
UNC10225011A,25121268,LINCS,C1COCCN1S(=O)(=O)C2=C(N=CC(=C2)C3=CC4=C(C=CN=C4C=C3)C5=CC=NC=C5)N
UNC10225013A,44532196,LINCS,CC1=CC=C(C=C1)C(=O)NC2=C(C=C(C=C2)NC3=C4C=C(C(=CC4=NC=C3)OC)OC)O.Cl
UNC10225014A,6539455,LINCS,C1=CC=C(C=C1)NC2=C(C(=O)NC2=O)C3=CC=C(C=C3)Cl
UNC10225015A,11427162,LINCS,C1CNCCC1C2=CNC3=C2C=C(C=C3C(=O)N)C4=CC=CC=C4
UNC10225018A,46215816,LINCS,C[C@@H]1CC[C@@H](CN1C2=NC(=NC(=C2)C3=CC4=C(C=C3)C(=NN4)N)NC)C(=O)NC5=CC=CC=C5
UNC10225019A,44526071,LINCS,CC1=C(C=C(C=C1)NC(=O)NC2=CC(=CC=C2)Cl)C3=CC=C(C=C3)C(=O)NC4=CC=NC=C4
UNC10225020A,20825615,LINCS,C1=CC=C(C=C1)C2=CN=C3N2N=CC=N3
UNC10225021A,57394915,LINCS,CC1=C(C=C(C=C1)NC(=O)C2=CC(=CC=C2)N3CCCCC3)C4=CC=C(C=C4)C(=O)NCC5CC5
UNC10225022A,44525924,LINCS,CC(C1=CC=C(C=C1)Cl)C(=O)NC2CCN(C2)C3=NC(=NC=C3)NC4=CC=C(C=C4)F
UNC10225023A,23648890,LINCS,C1=CC(=CC=C1C2=C3C=CNC3=NC=C2)S(=O)(=O)NCCN
UNC10225023A,23648890,LINCS,C1=CC(=CC=C1C2=C3C=CNC3=NC=C2)S(=O)(=O)NCCN
UNC10225023A,23648890,LINCS,C1=CC(=CC=C1C2=C3C=CNC3=NC=C2)S(=O)(=O)NCCN
UNC10225023A,23648890,LINCS,C1=CC(=CC=C1C2=C3C=CNC3=NC=C2)S(=O)(=O)NCCN
UNC10225023A,23648890,LINCS,C1=CC(=CC=C1C2=C3C=CNC3=NC=C2)S(=O)(=O)NCCN
UNC10225023A,23648890,LINCS,C1=CC(=CC=C1C2=C3C=CNC3=NC=C2)S(=O)(=O)NCCN
UNC10225023A,23648890,LINCS,C1=CC(=CC=C1C2=C3C=CNC3=NC=C2)S(=O)(=O)NCCN
UNC10225023A,23648890,LINCS,C1=CC(=CC=C1C2=C3C=CNC3=NC=C2)S(=O)(=O)NCCN
UNC10225023B,23648890,LINCS,C1=CC(=CC=C1C2=C3C=CNC3=NC=C2)S(=O)(=O)NCCN
UNC10225023B,23648890,LINCS,C1=CC(=CC=C1C2=C3C=CNC3=NC=C2)S(=O)(=O)NCCN
UNC10225023B,23648890,LINCS,C1=CC(=CC=C1C2=C3C=CNC3=NC=C2)S(=O)(=O)NCCN
UNC10225023B,23648890,LINCS,C1=CC(=CC=C1C2=C3C=CNC3=NC=C2)S(=O)(=O)NCCN
UNC10225023B,23648890,LINCS,C1=CC(=CC=C1C2=C3C=CNC3=NC=C2)S(=O)(=O)NCCN
UNC10225023B,23648890,LINCS,C1=CC(=CC=C1C2=C3C=CNC3=NC=C2)S(=O)(=O)NCCN
UNC10225023B,23648890,LINCS,C1=CC(=CC=C1C2=C3C=CNC3=NC=C2)S(=O)(=O)NCCN
UNC10225023B,23648890,LINCS,C1=CC(=CC=C1C2=C3C=CNC3=NC=C2)S(=O)(=O)NCCN
UNC10225024A,57396626,LINCS,C1COCCN1C2=CC(=O)N3C=CN(C3=N2)CC4=CC(=CC=C4)C(F)(F)F
UNC10225025A,10639924,LINCS,COC1=CC=CC(=C1)C2=C(NC(=N2)C3=CC=CC=C3)C4=CC=NC=C4
UNC10225026A,135435010,LINCS,C1CC1C(=O)NC2=NNC3=C2C=CC(=N3)C4=CC=CC=C4O
UNC10225028A,44527361,LINCS,CC1=CC=C(S1)C2=NC3=CC=CC=C3C(=N2)NC4=CC=NC=C4
UNC10225029A,9817349,LINCS,CC1=CC(=CC=C1)NC2=NC(=NC=C2C(=O)N)NCCN
UNC10225030A,51356852,LINCS,CC(C)C1=NC(=NC(=C1)C2=CC3=C(C=C2)C(=NN3)N)N
UNC10225031A,9865518,LINCS,CNC1=NC=CC(=N1)C2=C(N=CN2CCCN3CCOCC3)C4=CC=C(C=C4)F
UNC10225032A,44525957,LINCS,COC1=CC(=CC(=C1OC)OC)NC2=NC=CC(=N2)N3CCC(C3)NC(=O)NC4=CC5=C(C=C4)OCO5
UNC10225033A,44525958,LINCS,COC1=CC(=CC(=C1OC)OC)NC2=NC=CC(=N2)N3CCC(C3)NC(=O)NC4=CC=CC(=C4)C(=O)OC
UNC10225034A,44525921,LINCS,C1CN(CC1NC(=O)C2=CC=CC(=C2)C#N)C3=NC(=NC=C3)NC4=CC=C(C=C4)F
UNC10225035A,22112846,LINCS,CN1C=NC=C1C2=NC=C3C(=C2)C(=NC=N3)NC4=CC=C(C=C4)OCC5=CC=CC=C5
UNC10225036A,44578709,LINCS,CC1=C(C=C(C=C1)NC(=O)C2=CC(=NC=C2)N3CCCCC3)C4=CC=C(C=C4)C(=O)NCC5CC5
UNC10225037A,6539398,LINCS,C1COC2=C(O1)C=CC(=C2)NC3=NC=CC(=N3)C4=C5C=CC(=NN5N=C4)C6=CC=CC=C6
UNC10225038A,6539501,LINCS,COC1=CC=CC(=C1)C2=C(C(=O)NC2=O)NC3=CC(=C(C=C3)Cl)C(=O)O
UNC10225039A,53469449,LINCS,CN1C=C(C2=C(N=CN=C21)N)C3=CC4=C(C=C3)N(CC4)C(=O)CC5=CC(=CC=C5)Cl
UNC10225040A,44532671,LINCS,C1=CC(=CC(=C1)NC2=NC=CC(=N2)NC3=CC(=C(C=C3)OC4=C(C=CC=C4Cl)Cl)Cl)C(=O)N.Cl
UNC10225042A,44527657,LINCS,CC1=NC(=CC=C1)C2=NC3=C(C=C(C=C3)OC)C(=N2)NC4=CC=NC=C4
UNC10225043A,6539467,LINCS,COC1=CC=CC=C1C2=C(C(=O)NC2=O)NC3=CC(=CC=C3)O
UNC10225044A,45272980,LINCS,CC1=NC(=CC=C1)C2=NC3=CC=CC=C3C(=N2)NC4=CC=CC(=C4)C(=O)N
UNC10225045A,135925087,LINCS,CC1=CC(=CC(=C1O)C)C2=NC(=NC=C2)NC3=CC=CC(=C3)C#N
UNC10225046A,44578613,LINCS,COC1=C(C=C(C=C1)NC(=O)C2=COC=C2)C3=CC=C(C=C3)C(=O)NCC4CC4
UNC10225047A,25107963,LINCS,CCN1C2=C(C(=NC=C2OCCCN)C3=CC=CC=C3)N=C1C4=NON=C4N.C(=O)(C(F)(F)F)O.C(=O)(C(F)(F)F)O
UNC10225048A,44532720,LINCS,C1=CC=C2C(=C1)C(=CC=N2)NC3=C(NN=C3)C4=CC=CC=N4
UNC10225049A,44532316,LINCS,COC1=CC(=CC(=C1OC)OC)NC2=C3C=CC(=CC3=NC=C2)C4=CC=NC=C4.Cl
UNC10225050A,6539613,LINCS,C1CCC(C1)C(=O)NC2=NNC3=NC(=C(C=C32)Br)C4=NC=CS4
UNC10225052A,44525953,LINCS,COC1=CC(=CC(=C1OC)OC)NC2=NC=CC(=N2)N3CCC(C3)NC(=O)C4COC5=CC=CC=C5O4
UNC10225054A,44532478,LINCS,C1COCCN1CCNCC2=CC=C(O2)C3=CC4=NC=CC(=C4C=C3)NC5=CC=C(C=C5)OC6=CC=CC=N6
UNC10225056A,44525486,LINCS,COC1=CC=C(C=C1)NC2=NC=CC(=N2)C3=CC(=CC=C3)NC(=O)C4=CC5=C(N4)C=CC(=C5)F
UNC10225057A,9945516,LINCS,C1=CC=NC(=C1)C2=C(C=NN2)C3=CC(=NC=C3)C4=CC=C(C=C4)Cl
UNC10225058A,11133737,LINCS,C1CN(CCC1N2C=NC(=C2C3=NC(=NC=C3)N)C4=CC=C(C=C4)F)CC5=CC=CC=C5
UNC10225060A,6539533,LINCS,CC(=O)NC1=C2C=C(C=NC2=NN1)C3=CC=CC=C3
UNC10225061A,6539494,LINCS,COC1=CC=CC(=C1)C2=C(C(=O)NC2=O)NC3=CC=CC(=C3)C(=O)O
UNC10225063A,6539498,LINCS,C1=CC=C(C=C1)C2=C(C(=O)NC2=O)NC3=CC(=C(C=C3)Cl)C(=O)O
UNC10225065A,6539465,LINCS,C1=CC=C(C=C1)C2=C(C(=O)NC2=O)NC3=CC(=CC=C3)O
UNC10225066A,44525974,LINCS,C1=CC=C2C(=C1)C=C(S2)C(=O)NCCNC3=NC(=NC=C3)NCC4=CC=C(C=C4)F
UNC10225068A,56670156,LINCS,CC(C)C1=NC(=C(S1)C2=NC(=NC=C2)NC3=CC4=C(CCN(C4)C)C=C3)C5=CC(=CC=C5)NS(=O)(=O)C6=CC=CC=C6
UNC10225069A,25263108,LINCS,COC1=C(C=C2C(=C1)N=CN2C3=CC(=C(S3)C(=O)N)OCC4=CC=NC=C4)OC
UNC10225070A,53317178,LINCS,C1=CC(=NC(=C1)N)C2=CC3=C(C=C2)C(=NN3)N
UNC10225071A,66561090,LINCS,CN1C=C(C2=C(N=CN=C21)N)C3=CC4=C(C=C3)N(CC4)C(=O)CC5=C(C(=CC(=C5)F)F)F
UNC10225072A,11529890,LINCS,C1=CC=NC(=C1)C2=C(C=NN2)C3=CC(=NC=C3)C4=CC=C(C=C4)C#N
UNC10225073A,6539426,LINCS,C1=CC2=C(C(=NN2N=C1)C3=CC=C(C=C3)Cl)C4=NC(=NC=C4)NC5=CC(=C(C=C5)F)F
UNC10225074A,44532552,LINCS,CC1=C(C=C(C=C1)NC2=NC(=NC=C2)NC3=CC(=C(C=C3)C)F)O.Cl
UNC10225075A,51356855,LINCS,CN(C)C1=NC(=NC(=C1)C2=CC3=C(C=C2)C(=NN3)N)N
UNC10225076A,44529278,LINCS,CC1=C(C(=C(C=C1)F)C(=O)NC2=CC=CC(=C2)C3=NN4C=CC=CC4=C3C5=NC(=NC=C5)NC6=CC(=CC=C6)F)F
UNC10225079A,44532690,LINCS,C1COCCN1CCNCC2=NC=C(S2)C3=CC4=NC=C(C(=C4C=C3)NC5=CC=C(C=C5)OC6=CC=CC=C6)C#N
UNC10225080A,44525951,LINCS,CC(C1=CC=C(C=C1)Cl)C(=O)NC2CCN(C2)C3=NC(=NC=C3)NC4=CC(=C(C(=C4)OC)OC)OC
UNC10225081A,44529262,LINCS,C1=CC2=C(C(=NN2C=C1)C3=CC(=CC=C3)NC(=O)C4=C(C=CC(=C4Cl)F)F)C5=NC(=NC=C5)NC6=CC(=CC=C6)F
UNC10225082A,5329826,LINCS,CN(C1=CC=C(C=C1)NC(=O)NC2=C(C=CC(=C2)C(F)(F)F)F)C3=NC(=NC=C3)NC4=CC=C(C=C4)S(=O)(=O)N
UNC10225083A,51357138,LINCS,C[C@@H]1CCCCN1C2=NC(=NC(=C2)C3=CC4=C(C=C3)C(=NN4)N)N
UNC10225084A,135545443,LINCS,CC1=C2C=NC(=NN2C(=N1)C3=CC4=CC=CC=C4N3)NC5=CC(=C(C(=C5)OC)OC)OC
UNC10225086A,44525965,LINCS,C1=CC=C2C(=C1)C=C(S2)C(=O)NCCNC3=NC(=NC=C3)NC4=CC=C(C=C4)F
UNC10225087A,6539512,LINCS,CN(C1=CC=CC=C1)C2=C(C(=O)NC2=O)C3=CC=CC=C3
UNC10225088A,44525922,LINCS,CC(=O)C1=CC(=CC=C1)NC(=O)NC2CCN(C2)C3=NC(=NC=C3)NC4=CC=C(C=C4)F
UNC10225089A,46927672,LINCS,CC(C)C1=NC(=C(S1)C2=NC(=NC=C2)NC3=CN=C(C=C3)N4CCOCC4)C5=CC(=C(C=C5)F)NS(=O)(=O)C6=C(C=CC=C6F)F
UNC10225090A,6539475,LINCS,C1=CC(=CC=C1C2=C(C(=O)NC2=O)NC3=CC=C(C=C3)O)Cl
UNC10225091A,44532554,LINCS,CS(=O)(=O)CCNCC1=NC(=CS1)C2=CC3=C(C=C2)N=CN=C3NC4=CC(=C(C=C4)OCC5=CC(=CC=C5)F)Cl.Cl
UNC10225092A,6539458,LINCS,C1=CC=C(C(=C1)C2=C(C(=O)NC2=O)NC3=CC(=CC=C3)Cl)Cl
UNC10225093A,44525942,LINCS,COC1=CC=C(C=C1)NC2=NC=CC(=N2)N3CCC(C3)NC(=O)C4=CC5=CC=CC=C5S4
UNC10225094A,44532477,LINCS,C1CCN(CC1)CC2=CC=C(O2)C3=CC4=NC=CC(=C4C=C3)NC5=CC=C(C=C5)OC6=CC=CC=N6
UNC10225095A,44397393,LINCS,CCN1C2=C(C=NC=C2)N=C1C3=C(ON=C3N)C
UNC10225096A,44532737,LINCS,C1=CC=C(C=C1)CC2=NC3=C(N2)C=C(C=C3)NC4=NC=NC=C4/C=C/C5=CC=C(C=C5)C(F)(F)F
UNC10225097A,9901062,LINCS,CC1=CC=CC2=C(C(=NN12)C3=CC=C(C=C3)F)C4=NC=NC=C4
UNC10225098A,44525967,LINCS,COC1=CC=CC(=C1)NC(=O)NCCNC2=NC(=NC=C2)NC3=CC=C(C=C3)F
UNC10225099A,44532261,LINCS,CC1=C(C=CC=C1O)NC2=C3C=C(C=CC3=NC=C2)C(F)(F)F.Cl
UNC10225100A,44525964,LINCS,COC(=O)C1=CC(=CC=C1)NC(=O)NC2CCN(CC2)C3=NC(=NC=C3)NCC4=CC=C(C=C4)F
UNC10225101A,44571415,LINCS,C1=CC(=CC(=C1)F)COC2=C(C=C(C=C2)NC3=C4C=C(SC4=NC=N3)C5=CC=CN5)Cl
UNC10225103A,51356856,LINCS,C1CCN(C1)C2=NC(=NC(=C2)C3=CC4=C(C=C3)C(=NN4)N)N
UNC10225104A,44525935,LINCS,COC1=CC=C(C=C1)CNC(=O)NC2CCN(C2)C3=NC(=NC=C3)NC4=CC=C(C=C4)OC
UNC10225105A,44525954,LINCS,CC1=CC(=C(C=C1)C)NC(=O)NC2CCN(C2)C3=NC(=NC=C3)NC4=CC(=C(C(=C4)OC)OC)OC
UNC10225106A,44532446,LINCS,C1COCCN1CC2=CC=C(O2)C3=CC4=NC=CC(=C4C=C3)NC5=C(C=C(C=C5)Cl)F
UNC10225107A,134158116,LINCS,C1=CC(=CC=C1C2=CSC3=NC=NC(=C23)N)NC(=O)CC4=C(C=CC(=C4)F)F.C(=O)(C(F)(F)F)O
UNC10225109A,44532526,LINCS,COC1=CC(=CC(=C1OC)OC)NC2=C3C=C(C=CC3=NC=C2)C(F)(F)F
UNC10225110A,44525930,LINCS,COC1=CC=CC(=C1)NC(=O)NC2CCN(C2)C3=NC(=NC=C3)NC4=CC=C(C=C4)F
UNC10225111A,44525949,LINCS,CC(=O)C1=CC(=CC=C1)NC(=O)NC2CCN(C2)C3=NC(=NC=C3)NC4=CC(=C(C(=C4)OC)OC)OC
UNC10225112A,44525920,LINCS,COC1=CC=C(C=C1)CNC(=O)NC2CCN(C2)C3=NC(=NC=C3)NC4=CC=C(C=C4)F
UNC10225113A,44525941,LINCS,CCCC1=CC=C(C=C1)S(=O)(=O)NC2CCN(C2)C3=NC(=NC=C3)NC4=CC=C(C=C4)OC
UNC10225114A,136109070,LINCS,CCN1C2=C(C=NC=C2)N=C1C3=CC=CNC3=O
UNC10225116A,9879605,LINCS,C1=CN2C(=C(C(=N2)C3=CC=C(C=C3)F)C4=CC=NC=C4)C(=C1)F
UNC10225117A,44526983,LINCS,C1CCN(CC1)S(=O)(=O)C2=C(N=CC(=C2)C3=CC4=C(C=CN=C4C=C3)C5=CC=NC=C5)N
UNC10225118A,9903786,LINCS,C1=CC(=CC=C1C2=CC(=C(S2)NC(=O)N)C(=O)N)F
UNC10225119A,53466728,LINCS,C1CN(C2=C1C=C(C=C2)C3=CSC4=C3C(=NC=C4)N)C(=O)CC5=CC=CC=C5
UNC10225121A,6539477,LINCS,COC1=CC=CC=C1C2=C(C(=O)NC2=O)NC3=CC(=C(C=C3)O)Cl
UNC10225122A,9880709,LINCS,C1=CC=C2C(=C1)C(=NC(=N2)C3=CC(=CC=C3)Cl)NC4=CC=NC=C4
UNC10225123A,69689,LINCS,CN1C=NC2=C(N=CN=C21)N
UNC10225124A,44525962,LINCS,CC(=O)NC1=CC=C(C=C1)S(=O)(=O)NC2CCN(CC2)C3=NC(=NC=C3)NC4=CC(=C(C(=C4)OC)OC)OC
UNC10225125A,9836405,LINCS,CC1=CC=C(C=C1)C2=NC=CC(=C2)C3=C(NN=C3)C4=CC=CC=N4
UNC10225126A,10358578,LINCS,CC1=CSC(=N1)C2=NC3=CC=CC=C3C(=N2)NC4=CC=NC=C4
UNC10225127A,25263079,LINCS,COC1=CC=C(C=C1)COC2=C(SC(=C2)N3C=NC4=CC=CC=C43)C(=O)N
UNC10225128B,44533820,LINCS,C1=CC=C(C=C1)C2=NC(=C(N2)C3=CC=NC=C3)C4=CC(=C(C=C4)Cl)O.Cl
UNC10225129A,44525963,LINCS,C1CN(CCC1NC(=O)NC2=CC3=C(C=C2)OCO3)C4=NC(=NC=C4)NCC5=CC=C(C=C5)F
UNC10225130B,44532475,LINCS,C1CN(CCN1)CC2=CC=C(O2)C3=CC4=NC=CC(=C4C=C3)NC5=CC=C(C=C5)OC6=CC=CC=N6.Cl
UNC10225131A,57403577,LINCS,C1COCCN1C2=CC(=O)N3C=CN(C3=N2)CC4=CC(=CC=C4)Cl
UNC10225132A,15407403,LINCS,CCOC(=O)N1CCC(CC1)N2C=NC(=C2C3=NC(=NC=C3)N)C4=CC=C(C=C4)F
UNC10225133A,11429863,LINCS,CCS(=O)(=O)C1=CC(=C(C=C1)OC)NC2=NC=C(O2)C3=CC=C(C=C3)F.Cl
UNC10225134A,44525936,LINCS,CC(=O)NC1=CC=C(C=C1)S(=O)(=O)NC2CCN(C2)C3=NC(=NC=C3)NC4=CC=C(C=C4)OC
UNC10225135A,44525952,LINCS,COC1=CC(=CC(=C1OC)OC)NC2=NC=CC(=N2)N3CCC(C3)NC(=O)C4=CC5=CC=CC=C5S4
UNC10225136A,57403578,LINCS,C1COCCN1C2=CC(=O)N3C4=CC=CC=C4N(C3=N2)CC5=C(C(=CC=C5)Cl)Cl
UNC10225137A,6539519,LINCS,C1CN(C2=CC=CC=C21)C3=C(C(=O)NC3=O)C4=CC(=CC=C4)Cl
UNC10225138A,6539416,LINCS,C1=CC(=CC(=C1)NC2=NC=CC(=N2)C3=C4C=CC=NN4N=C3C5=CC=C(C=C5)C(F)(F)F)C(F)(F)F
UNC10225139A,44532869,LINCS,CN(C1=CC=C(C=C1)NC(=O)NC2=CC(=CC=C2)Cl)C3=NC(=NC=C3)N.Cl
UNC10225140A,6539591,LINCS,C1CCC(C1)C(=O)NC2=NNC3=NC(=C(C=C32)Br)C4=CC=CS4
UNC10225141A,44532377,LINCS,CN1C=CC(=N1)C2=CC(=CC=C2)NC3=C4C=CC(=CC4=NC=C3)C5=NC=CS5.Cl
UNC10225143A,51354901,LINCS,C[C@H]1CC[C@H](CN1C2=NC(=NC(=C2)C3=CC4=C(C=C3)C(=NN4)N)N)C(=O)NC5=CC=CC=C5
UNC10225144A,135435008,LINCS,C1CC1C(=O)NC2=NNC3=C2C=CC(=N3)C4=CC=C(C=C4)O
UNC10225145A,44527950,LINCS,C1CN(CCN1)CC2=CC(=CC=C2)C3=NC(=NC=C3)NCCC4=CC=C(C=C4)C#N.Cl.Cl.Cl
UNC10225146A,11514099,LINCS,C1=CC(=CC(=C1)N)C2=CC3=C(C=C2)C(=NN3)N
UNC10225147A,44525932,LINCS,COC1=CC=CC(=C1)CNC(=O)NC2CCN(C2)C3=NC(=NC=C3)NC4=CC=C(C=C4)F
UNC10225148A,51354328,LINCS,CC(C)(C)OC(=O)NC1CCCN(C1)C2=NC(=NC(=C2)C3=CC4=C(C=C3)C(=NN4)N)N
UNC10225149A,99545,LINCS,C1=CC=C(C=C1)C2=NC3=NC(=NC(=C3N2)N)N
UNC10225150A,6539507,LINCS,COC1=CC=CC(=C1)C2=C(C(=O)NC2=O)NC3=CC=C(C=C3)SC
UNC10225151A,44526068,LINCS,CC1=C(C=C(C=C1)NC(=O)C2=CC(=C(C=C2)Cl)Cl)C3=CC=C(C=C3)C(=O)NC4=CC=NC=C4
UNC10225152A,44525931,LINCS,C1CN(CC1NC(=O)NC2=CC=CC=C2F)C3=NC(=NC=C3)NC4=CC=C(C=C4)F
UNC10225153A,25263105,LINCS,COC1=C(C=C2C(=C1)N=CN2C3=CC(=C(S3)C(=O)N)OCC4=C(C=CS4)Cl)OC
UNC10225154A,44526248,LINCS,CC1=CN=C(N=C1NC2=CC=CC=C2C(=O)NC)NC3=CC=CC(=C3)CS(=O)(=O)C.C(=O)O
UNC10225155A,44532683,LINCS,C1COCCN1CCCNC(=O)C2=CC(=CC=C2)NC3=NC=CC(=N3)NC4=CC=C(C=C4)OC5=CC=CC=C5
UNC10225156A,86064662,LINCS,CCN1C2=C(C=NC=C2)N=C1C3=CC=CC=N3
UNC10225157A,44525948,LINCS,COC1=CC(=CC(=C1OC)OC)NC2=NC=CC(=N2)N3CCC(C3)NC(=O)C4=CC=CC(=C4)C#N
UNC10225158A,56673950,LINCS,C1COCCN1C2=CC=C(C=C2)C3=CNC(=O)C4=C3SC(=C4)C5=CNN=C5
UNC10225160A,44525956,LINCS,COC1=CC=CC(=C1)CNC(=O)NC2CCN(C2)C3=NC(=NC=C3)NC4=CC(=C(C(=C4)OC)OC)OC
UNC10225161A,44525923,LINCS,COC(=O)C(C1=CC=CC=C1)NC(=O)NC2CCN(C2)C3=NC(=NC=C3)NC4=CC=C(C=C4)F
UNC10225162A,44525961,LINCS,CC(C1=CC=C(C=C1)Cl)C(=O)NC2CCN(CC2)C3=NC(=NC=C3)NC4=CC=C(C=C4)OC
UNC10225163A,5228,LINCS,C1CSC2=NC(=C(N21)C3=CC=NC=C3)C4=CC=C(C=C4)F
UNC10225164A,44525934,LINCS,COC(=O)C1=CC(=CC=C1)NC(=O)NC2CCN(C2)C3=NC(=NC=C3)NC4=CC=C(C=C4)F
UNC10225165A,53469448,LINCS,CN1C=C(C2=C(N=CN=C21)N)C3=CC4=C(C=C3)N(CC4)C(=O)CC5=CC(=CC=C5)C(F)(F)F
UNC10225166A,53245731,LINCS,C1=CC(=CC=C1C2=CNC(=O)C3=C2SC(=C3)C4=CC=NC=C4)O
UNC10225167A,57401865,LINCS,C1COCCN1C2=CC(=O)N3C=CN(C3=N2)CC4=C(C(=CC=C4)Cl)Cl
UNC10225168A,6539452,LINCS,C1=CC=C(C=C1)NC2=C(C(=O)NC2=O)C3=CC=CC=C3Cl
UNC10225169A,9861063,LINCS,C1=CC=C(C=C1)C2=NC=CC(=C2)C3=C(NN=C3)C4=CC=CC=N4
UNC10225170A,44531021,LINCS,COC1=CC2=C(C=CN=C2C=C1OC)NC3=CC(=CC=C3)OC4=CC=CC=C4.Cl
UNC10225172A,53467392,LINCS,CN1C=C(C2=C(N=CN=C21)N)C3=CC4=C(C=C3)N(CC4)C(=O)CC5=CC=CC=C5Cl
UNC10225173A,44328970,LINCS,C1CN(CCC1N2C=NC(=C2C3=NC(=NC=C3)N)C4=CC=C(C=C4)F)CC(F)(F)F
UNC10225174A,44528968,LINCS,C1=CC(=CC(=C1)NC(=O)C2=C(C=CC=C2F)F)C3=NN4C(=C3C5=NC(=NC=C5)NC6=CC=CC(=C6)C(F)(F)F)C=CC=N4
UNC10225175A,45270417,LINCS,CC1=NC(=CC=C1)C2=NC(=CC(=N2)NC3=CC=NC=C3)C
UNC10225177A,44525945,LINCS,COC1=CC=C(C=C1)NC2=NC=CC(=N2)N3CCC(C3)NC(=O)NC4=CC5=C(C=C4)OCO5
UNC10225178A,70685440,LINCS,CC1=NN2C(=O)C=C(N=C2N1CC3=C(C(=CC=C3)Cl)Cl)N4CCOCC4
UNC10225180A,6539612,LINCS,C1CC1C(=O)NC2=NNC3=NC(=C(C=C32)Br)C4=NC=CS4
UNC10225181A,45272982,LINCS,CC1=NC(=CC=C1)C2=NC3=C(C(=N2)NC4=CC=NC=C4)SC=C3
UNC10225182A,135925142,LINCS,CC1=CC=C(C=C1)C(=O)NC2=C(C=C(C=C2)NC3=C4C=CC(=CC4=NC=C3)C5=CC=CC=N5)O.Cl
UNC10225183A,44525955,LINCS,COC1=CC=CC(=C1)NC(=O)NC2CCN(C2)C3=NC(=NC=C3)NC4=CC(=C(C(=C4)OC)OC)OC
UNC10225184A,11595752,LINCS,C1=CC=C(C(=C1)C2=NC=CC(=C2)C3=C(NN=C3)C4=CC=CC=N4)C(F)(F)F
UNC10225185A,6263849,LINCS,C1=CC=C(C=C1)C2=C(N=NC3=NNC(=C23)N)C4=CC=CC=C4
UNC10225186A,6539550,LINCS,CCCC(=O)NC1=C2C=C(C=NC2=NN1)C3=CC=CC4=CC=CC=C43
UNC10225188A,11627271,LINCS,CN1CCN(CC1)CCCNC2=NC=CC(=N2)C3=C4C=CC(=CN4N=C3C5=CC=C(C=C5)F)C(=O)N
UNC10225189A,44532432,LINCS,C1=CC(=C(C=C1Cl)F)NC2=C3C=CC(=CC3=NC=C2)I
UNC10225190A,134158164,LINCS,C[C@@H]1CN(CCO1)C2=CC(=O)N3C(=N2)N(C(=N3)C)CC4=C(C(=CC=C4)Cl)Cl
UNC10225191A,6539376,LINCS,C1=CC2=C(C=NN2N=C1)C3=NC(=NC=C3)NC4=CC(=CC(=C4)C(F)(F)F)Br
UNC10225192A,6539427,LINCS,C1=CC2=C(C(=NN2N=C1)C3=CC=C(C=C3)Cl)C4=NC(=NC=C4)NC5=CC(=C(C=C5)Cl)C(F)(F)F
UNC10225193A,44525972,LINCS,CC1=CC(=C(C=C1)C)NC(=O)NCCNC2=NC(=NC=C2)NC3=CC=C(C=C3)OC
UNC10225194A,17917696,LINCS,CCOC1=NC=CC(=N1)C2=C(N=CN2C3CCNCC3)C4=CC=C(C=C4)F
UNC10225195A,57403579,LINCS,CC1=C(C=CC=C1C(F)(F)F)CN2C3=CC=CC=C3N4C2=NC(=CC4=O)N5CCOCC5
UNC10225197A,10239038,LINCS,CN(C)CC(COC1=CC=C(C=C1)NC2=NC=CC(=N2)C3=C4C=CC(=NN4N=C3)N5CCOCC5)O
UNC10225198A,135416046,LINCS,CCN1CCN(CC1)CCCC(=O)NC2=NNC3=NC(=C(C=C32)Br)C4=CC=C(C=C4)O
UNC10225199A,44525966,LINCS,CC1=CC(=C(C=C1)C)NC(=O)NCCNC2=NC(=NC=C2)NC3=CC=C(C=C3)F
UNC10225200A,44526076,LINCS,CC1=C(C=C(C=C1)NC(=O)NC2=CC(=CC=C2)OC)C3=CC=C(C=C3)C(=O)NC4=CC=NC=C4
UNC10225201A,9796486,LINCS,C1=CC=C2C(=C1)C(=CC=N2)C3=C(N=C(S3)N)C4=CC=CC=N4
UNC10225202A,57398392,LINCS,CC1=CC(=CC=C1)CN2C=CN3C2=NC(=CC3=O)N4CCOCC4
UNC10225203A,227502,LINCS,C1=CC(=CC=C1N2C=NC3=C(N=CN=C32)N)Cl
UNC10225204A,86064664,LINCS,CCN1C2=C(C=NC=C2)N=C1C3=CC=NC=C3
UNC10225205A,56680318,LINCS,CCC1=NC(=C(S1)C2=NC(=NC=C2)NC3=CN=C(C=C3)N4CCN(CC4)C(=O)C)C5=CC(=CC=C5)N(C)S(=O)(=O)C6=CC=CC=C6
UNC10225208A,11057468,LINCS,C1=CC(=CC=C1C2=NC(=C(N2)C3=CC=NC=C3)C4=CC=C(C=C4)F)C(=O)O
UNC10225209A,6538884,LINCS,C1=CC=C(C=C1)C2=CC3=C(NN=C3N=N2)N
UNC10225210A,44525968,LINCS,C1=CC=C(C(=C1)NC(=O)NCCNC2=NC(=NC=C2)NC3=CC=C(C=C3)F)F
UNC10225211A,86346663,LINCS,CCN1C2=C(C=NC=C2CNC3CCNCC3)N=C1C4=NON=C4N.Cl
UNC10225212A,6539525,LINCS,CN1C(=O)C(=C(C1=O)NC2=CC(=C(C(=C2)Cl)O)Cl)C3=CC=C(C=C3)Cl
UNC10225213A,44269265,LINCS,COC1=NC=CC(=N1)C2=C(N=CN2CCCN3CCOCC3)C4=CC=C(C=C4)F
UNC10225214A,46215644,LINCS,C1=CC=C(C=C1)NC2=NC(=NC(=C2)C3=CC4=C(C=C3)C(=NN4)N)N
UNC10225215A,44532102,LINCS,C1=CC=C(C=C1)OC2=CC=C(C=C2)NC3=C4C=C(C=CC4=NC=C3)C5=CC=CC=N5
UNC10225216A,6539509,LINCS,CSC1=CC=C(C=C1)NC2=C(C(=O)NC2=O)C3=CC=C(C=C3)Cl
UNC10225217A,25222706,LINCS,CC1=C2C=C(N=CC2=NN1)C3=CC(=C(N=C3C4=C(OC=C4)C)N)OC[C@H](CC5=CNC6=CC=CC=C65)N
UNC10225218A,44525929,LINCS,CC1=CC(=C(C=C1)C)NC(=O)NC2CCN(C2)C3=NC(=NC=C3)NC4=CC=C(C=C4)F
UNC10225220A,44532450,LINCS,C1CCN(CC1)CC2=CC=C(O2)C3=CC4=NC=CC(=C4C=C3)NC5=C(C=C(C=C5)Cl)F
UNC10225222A,44526892,LINCS,CC1=CC(=NC(=N1)NC2=CC=CC(=C2)C#N)N3CCC(CC3)NS(=O)(=O)C4=CC=C(C=C4)F.C(=O)(C(F)(F)F)O
UNC10225223A,17755746,LINCS,COC(=O)NC1=NC2=C(N1)C=C(C=C2)OC3=CC=C(C=C3)CC(=O)NC4=C(C=CC(=C4)C(F)(F)F)F
UNC10225224A,6539394,LINCS,CC1=NN2C(=C(C=N2)C3=NC(=NC=C3)NC4=CC=C(C=C4)C(F)(F)F)C=C1
UNC10225225A,57400062,LINCS,CC1=C(C=CC=C1C(F)(F)F)CN2C(=C(N3C2=NC(=CC3=O)N4CCOCC4)C)C
UNC10225226A,11682470,LINCS,CN(C)CCOC1=CC=C(C=C1)C2=NC=CC(=C2)C3=C(NN=C3)C4=CC=CC=N4
UNC10225228A,44526075,LINCS,CC1=CC(=C(C=C1)C)NC(=O)NC2=CC(=C(C=C2)C)C3=CC=C(C=C3)C(=O)NC4=CC=NC=C4
UNC10225229A,44479934,LINCS,CC1=C(C=C(C=C1F)C(=O)NC2CC2)C3=CC=C(C=C3)C(=O)NCCOC
UNC10225230A,11682680,LINCS,C1CCN(C1)C(=O)C2=CC=C(C=C2)C3=NC=CC(=C3)C4=C(NN=C4)C5=CC=CC=N5
UNC10225231A,57403576,LINCS,C1COCCN1C2=CC(=O)N3C=CN(C3=N2)CC4=CC=CC=C4F
UNC10225232A,44527603,LINCS,C1=CC=C(C=C1)NC2=NC=CC(=N2)C3=C4C=CC=NN4N=C3C5=CC(=CC=C5)NC(=O)C6=C(C=CC=C6F)F
UNC10225233A,44532198,LINCS,CC(=O)NC1=CC=C(C=C1)COC2=CC=C(C=C2)NC3=C4C=C(C(=CC4=NC=C3)OC)OC.Cl
UNC10225234A,49862093,LINCS,C[C@H](C1=CC=CC=C1Cl)OC2=C(SC(=C2)N3C=NC4=C3C=CC(=C4)C5=CC(=NC=C5)NCCS(=O)(=O)C)C(=O)N
UNC10225235A,44525933,LINCS,C1CN(CC1NC(=O)NC2=CC3=C(C=C2)OCO3)C4=NC(=NC=C4)NC5=CC=C(C=C5)F
UNC10225236A,10289896,LINCS,CN1C2=C(C=C(C=C2)N(C)C3=NC(=NC=C3)NC4=CC=C(C=C4)CS(=O)(=O)C)N=C1NCC5=CC=C(C=C5)F.Cl
UNC10225238A,44527400,LINCS,CC1=CC(=C(N=C1)N)/C=C/C2=CC(=CN=C2)C(=O)NCCC3=C(C=C(C=C3)Cl)Cl.Cl
UNC10225239A,45271247,LINCS,CC1=NC(=CC=C1)C2=NC3=CC=CC=C3C(=N2)NC4=CC5=NNN=C5C=C4
UNC10225240A,44525925,LINCS,COC(=O)C(CC1=CC=CC=C1)NC(=O)NC2CCN(C2)C3=NC(=NC=C3)NC4=CC=C(C=C4)F
UNC10225241A,9925372,LINCS,C1=CC=NC(=C1)C2=C(C=NN2)C3=CC(=NC=C3)C4=CC=C(C=C4)C(F)(F)F
UNC10225242A,6539523,LINCS,CN1C(=O)C(=C(C1=O)NC2=CC=CC=C2)C3=CC=CC=C3
UNC10225243A,11594774,LINCS,CC1=CC=CC=C1C2=NC=CC(=C2)C3=C(NN=C3)C4=CC=CC=N4
UNC10225244A,6539497,LINCS,COC1=CC=C(C=C1)C2=C(C(=O)NC2=O)NC3=CC=CC(=C3)C(=O)O
UNC10225245A,44526894,LINCS,CC1=CC(=NC(=N1)NC2=CC=CC(=C2)C#N)N3CCC(CC3)NS(=O)(=O)C4=CC=C(C=C4)OC.C(=O)(C(F)(F)F)O
UNC10225247A,10286382,LINCS,CCCCC1=NN2C(=C1C3=NC(=NC=C3)NC4CC4)C=CC=N2
UNC10225248A,9925594,LINCS,CC1=C(NC(=C1C(=O)C)C2=CC=NC=C2)C3=CC=NC=C3
UNC10225249A,21027446,LINCS,C1=CC2=C(C(=NN2C(=C1)OCC(F)(F)F)C3=CC=C(C=C3)F)C4=CC=NC=C4
UNC10225250A,9914412,LINCS,COC1=C(C=C2C(=C1)C(=NC=N2)NC3=CC=C(C=C3)NC(=O)C4=CC=CC=C4)OCCCN5CCOCC5
UNC10225251A,10274521,LINCS,C1COCCN1CC2=CC=C(C=C2)C3=NC=CC(=C3)C4=C(NN=C4)C5=CC=CC=N5.Cl
UNC10225252A,6539480,LINCS,C1=CC(=CC=C1C2=C(C(=O)NC2=O)NC3=CC(=C(C=C3)O)Cl)Cl
UNC10225253A,44525927,LINCS,C1CN(CC1NC(=O)C2=CC3=CC=CC=C3S2)C4=NC(=NC=C4)NC5=CC=C(C=C5)F
UNC10225254A,53469453,LINCS,CC1=CC=CC=C1CC(=O)N2CCC3=C2C=CC(=C3)C4=CN(C5=NC=NC(=C45)N)C
UNC10225255A,6539516,LINCS,C1CN(C2=CC=CC=C21)C3=C(C(=O)NC3=O)C4=CC=CC=C4Cl
UNC10225257A,44528328,LINCS,C1CNC[C@@H]1NC2=NC3=C(C(=O)NC=C3)C(=N2)NC4=CC(=CC(=C4)Cl)Cl.C(=O)(C(F)(F)F)O
UNC10225258A,44328896,LINCS,CC(C)N1CCC(CC1)N2C=NC(=C2C3=NC(=NC=C3)N)C4=CC=C(C=C4)F
UNC10225259A,6539578,LINCS,C1CC1C(=O)NC2=NNC3=NC(=C(C=C32)Br)C4=CC=CC=C4
UNC10225260A,25263084,LINCS,C1=CC=C(C(=C1)COC2=C(SC(=C2)N3C=NC4=CC=CC=C43)C(=O)N)F
UNC10225261A,44523335,LINCS,COC1=C(C=C2C(=C1)C(=NC=N2)NC3=CC(=C(C=C3)OCC4=CC=CC=C4Br)Cl)OC.Cl
UNC10225262A,49862643,LINCS,C[C@H](C1=CC=CC=C1Cl)OC2=C(SC(=C2)N3C=NC4=C3C=CC(=C4)C5=CC=NC=C5)C(=O)N
UNC10225263A,44526069,LINCS,CC1=C(C=C(C=C1)NC(=O)C2=CC=CC(=C2)C#N)C3=CC=C(C=C3)C(=O)NC4=CC=NC=C4
UNC10225264A,6539565,LINCS,C1CC1C(=O)NC2=NNC3=C2C=CC(=N3)C4=CC=CC=C4
UNC10225267A,6539486,LINCS,COC1=CC=CC(=C1)C2=C(C(=O)NC2=O)NC3=CC(=C(C(=C3)Cl)O)Cl
UNC10225268A,44532669,LINCS,C1=CC(=CC(=C1)NC2=NC=CC(=N2)NC3=CC(=C(C=C3)OC4=CC(=CC=C4)Cl)Cl)C(=O)N.Cl
UNC10225269A,44528306,LINCS,C1C[C@H](CNC1)NC2=NC3=C(C(=O)NC=C3)C(=N2)NC4=CC=C(C=C4)S(=O)(=O)N5CCOCC5.C(=O)(C(F)(F)F)O.C(=O)(C(F)(F)F)O
UNC10225270A,44578252,LINCS,CC1=C(C=C(C=C1)C(=O)NC2CCCC2)C3=CC=C(C=C3)C(=O)NCC4CC4
UNC10225271A,44528496,LINCS,COC1=C(C=C2C(=C1)C(=NC=N2)NC3=CC(=CC=C3)NC(=O)C4=CC=CC=C4)OCCCN5CCOCC5
UNC10225273A,44532639,LINCS,CC(C)S(=O)(=O)N1CCN(CC1)CC2=CC3=C(C=C2)N(C(=N3)NC(=O)C4=CSC=C4)C[C@@H](C5=CC=CC=C5)O
UNC10225274A,9929101,LINCS,CNC1=NC=CC(=N1)C2=C(N=CN2C3CCN(CC3)C)C4=CC=C(C=C4)F
UNC10225275A,6539472,LINCS,C1=CC(=CC(=C1)O)NC2=C(C(=O)NC2=O)C3=CC=C(C=C3)Cl
UNC10225278A,44525939,LINCS,CC(=O)NC1=CC=CC(=C1)C(=O)NC2CCN(C2)C3=NC(=NC=C3)NC4=CC=C(C=C4)OC
UNC10225279B,44532551,LINCS,CS(=O)(=O)CCNCC1=NC(=CS1)C2=CC3=C(C=C2)N=CN=C3NC4=CC(=C(C=C4)OCC5=CC=CC=C5)Cl.Cl
UNC10225282A,44525959,LINCS,COC1=CC=C(C=C1)CNC(=O)NC2CCN(CC2)C3=NC(=NC=C3)NC4=CC=C(C=C4)F
UNC10225285A,25093464,LINCS,CC1=C(C=C(C=C1)C2=NN=C(O2)C)C3=CC=C(C=C3)C(=O)NC4=CC=C(C=C4)NS(=O)(=O)C
UNC10225286A,6539506,LINCS,CSC1=CC=C(C=C1)NC2=C(C(=O)NC2=O)C3=CC(=CC=C3)Cl
UNC10225287A,44529229,LINCS,C[C@H](C1=CC=CC=C1Cl)OC2=C(SC(=C2)N3C=NC4=C3C=C(C=C4)NC(=O)NC(C)(C)C)C(=O)N
UNC10225288A,6539461,LINCS,COC1=CC=CC(=C1)C2=C(C(=O)NC2=O)NC3=CC(=CC=C3)Cl
UNC10225289A,447966,LINCS,C1=CC=C2C(=C1)C(=CC=N2)C3=C(NN=C3)C4=CC=CC=N4
UNC10225290A,44532445,LINCS,C1CSCCN1CC2=CC=C(O2)C3=CC4=NC=CC(=C4C=C3)NC5=C(C=C(C=C5)Cl)F
UNC10225291A,44433573,LINCS,CC(C)C1=CC=CC=C1C2=NC(=C(N2)C3=CC=NC=C3)C4=CC5=C(C=C4)C=C(C=C5)OC
UNC10225292A,6539602,LINCS,C1CC1C(=O)NC2=NNC3=C2C=CC(=C3)C4=CC=CC=C4F
UNC10225293A,6539513,LINCS,CN(C1=CC=CC=C1)C2=C(C(=O)NC2=O)C3=CC(=CC=C3)OC
UNC10225294A,1489204,LINCS,CC1=CC=CC=C1C(=O)C2=CNC(=C2)C(=O)NCC3=CC=CC=C3OC
UNC10225297A,53467178,LINCS,CN1C=C(C2=C(N=CN=C21)N)C3=CC4=C(C=C3)N(CC4)C(=O)CC5=CC(=CC=C5)F
UNC10225299A,6539473,LINCS,COC1=CC=C(C=C1)C2=C(C(=O)NC2=O)NC3=CC(=CC=C3)O
UNC10225300A,6539605,LINCS,C1CC1C(=O)NC2=NNC3=C2C=CC(=C3)C4=C(C(=CC=C4)F)F
UNC10225301A,11370662,LINCS,C1=CC=C2C(=C1)C(=CC=N2)C3=C(N=C(S3)N)C4=CC=CC=C4F
UNC10225302A,44305812,LINCS,CCC(CC)(CC)N1C=NC2=C(N=CN=C21)N
UNC10225303A,6539464,LINCS,COC1=CC=C(C=C1)C2=C(C(=O)NC2=O)NC3=CC(=CC=C3)Cl
UNC10225304A,6539541,LINCS,CCCC(=O)NC1=C2C=CC=NC2=NN1
UNC10225305A,9923028,LINCS,COC1=CC=CC2=C(C(=NN21)C3=CC=C(C=C3)F)C4=CC=NC=C4
UNC10225306A,44525960,LINCS,C1CN(CCC1NC(=O)NC2=CC=CC=C2F)C3=NC(=NC=C3)NC4=CC=C(C=C4)F
UNC10225308A,44525485,LINCS,COC1=CC=C(C=C1)NC2=NC=CC(=N2)C3=CC=C(C=C3)NC(=O)C4=CC5=C(N4)C=CC(=C5)F
UNC10225309A,11231979,LINCS,C1=CC=C2C(=C1)C(=CC=N2)C3=C(N=C(S3)N)C4=CN=CC=C4
UNC10225311A,44525970,LINCS,COC(=O)C1=CC(=CC=C1)NC(=O)NCCNC2=NC(=NC=C2)NC3=CC=C(C=C3)F
UNC10225312A,6539570,LINCS,COC1=CC=CC(=C1)C2=NC3=C(C=C2)C(=NN3)NC(=O)C4CC4
UNC10225313A,44525937,LINCS,COC1=CC=C(C=C1)NC2=NC=CC(=N2)N3CCC(C3)NC(=O)C4=CC=CC(=C4)C#N
UNC10225314A,44529831,LINCS,CC1=CC=C(C=C1)S(=O)(=O)NC2=CC=C(C=C2)NC3=NC=CC(=N3)NC4=CC=CC5=C4C=NN5
UNC10225317A,6539610,LINCS,C1CC1C(=O)NC2=NNC3=C2C=CC(=C3)C4=COC=C4
UNC10225318A,44529101,LINCS,COC1=CC(=CC(=C1OC)OC)NC2=NC=CC(=N2)C3=C4C=CC=CN4N=C3C5=CC(=CC=C5)NC(=O)C6=C(C=CC=C6F)F
UNC10225319A,11524582,LINCS,C1=CC2=C3C(=NN2C=C1)N=CN=C3NC4=CC(=C(C=C4)OCC5=CC(=CC=C5)F)Cl
UNC10225320A,10595057,LINCS,C1COCCN1CCCN2C=NC(=C2C3=CN=CC=C3)C4=CC=C(C=C4)F
UNC10225322A,44532297,LINCS,CC(C)C1=C(C=C(C=C1)O)NC2=C3C=C(C=CC3=NC=C2)C(F)(F)F
UNC10225323A,51356854,LINCS,CC(C)NC1=NC(=NC(=C1)C2=CC3=C(C=C2)C(=NN3)N)N
UNC10225325A,44528946,LINCS,C1=CC2=C(C(=NN2C=C1)C3=CC(=CC=C3)NC(=O)C4=C(C=CC=C4F)F)C5=NC(=NC=C5)NC6=CC=CC(=C6)C(F)(F)F
UNC10225326A,6539587,LINCS,C1CC1C(=O)NC2=NNC3=C2C=CC(=C3)C4=CSC=C4
UNC10225327A,10267580,LINCS,CC1=NC(=CC=C1)C2=NC3=CC=CC=C3C(=N2)NC4=CC=NC=C4
UNC10225329A,44525928,LINCS,CN1C=NC=C1C(=O)NC2CCN(C2)C3=NC(=NC=C3)NC4=CC=C(C=C4)F
UNC10225330A,44525946,LINCS,COC1=CC=C(C=C1)NC2=NC=CC(=N2)N3CCC(C3)NC(=O)NC4=CC=CC(=C4)C(=O)OC
UNC10225331A,51354035,LINCS,CC[C@@H]1CO[C@@H](CN1C2=NC(=NC(=C2)C3=CC4=C(C=C3)C(=NN4)N)NC)C(=O)NC5=CC=CC=C5
UNC10225332A,57401867,LINCS,C1COCCN1C2=CC(=O)N3C=CN(C3=N2)CC4=CC(=CC=C4)F
UNC10225334A,469038,LINCS,COC1=CC=C(C=C1)C2=C(N3CCCC3=N2)C4=CC=NC=C4
UNC10225334A,469038,LINCS,COC1=CC=C(C=C1)C2=C(N3CCCC3=N2)C4=CC=NC=C4
UNC10225334A,469038,LINCS,COC1=CC=C(C=C1)C2=C(N3CCCC3=N2)C4=CC=NC=C4
UNC10225334A,469038,LINCS,COC1=CC=C(C=C1)C2=C(N3CCCC3=N2)C4=CC=NC=C4
UNC10225334A,469038,LINCS,COC1=CC=C(C=C1)C2=C(N3CCCC3=N2)C4=CC=NC=C4
UNC10225334A,469038,LINCS,COC1=CC=C(C=C1)C2=C(N3CCCC3=N2)C4=CC=NC=C4
UNC10225334A,469038,LINCS,COC1=CC=C(C=C1)C2=C(N3CCCC3=N2)C4=CC=NC=C4
UNC10225334A,469038,LINCS,COC1=CC=C(C=C1)C2=C(N3CCCC3=N2)C4=CC=NC=C4
UNC10225334B,469038,LINCS,COC1=CC=C(C=C1)C2=C(N3CCCC3=N2)C4=CC=NC=C4
UNC10225334B,469038,LINCS,COC1=CC=C(C=C1)C2=C(N3CCCC3=N2)C4=CC=NC=C4
UNC10225334B,469038,LINCS,COC1=CC=C(C=C1)C2=C(N3CCCC3=N2)C4=CC=NC=C4
UNC10225334B,469038,LINCS,COC1=CC=C(C=C1)C2=C(N3CCCC3=N2)C4=CC=NC=C4
UNC10225334B,469038,LINCS,COC1=CC=C(C=C1)C2=C(N3CCCC3=N2)C4=CC=NC=C4
UNC10225334B,469038,LINCS,COC1=CC=C(C=C1)C2=C(N3CCCC3=N2)C4=CC=NC=C4
UNC10225334B,469038,LINCS,COC1=CC=C(C=C1)C2=C(N3CCCC3=N2)C4=CC=NC=C4
UNC10225334B,469038,LINCS,COC1=CC=C(C=C1)C2=C(N3CCCC3=N2)C4=CC=NC=C4
UNC10225335A,44525973,LINCS,COC1=CC=C(C=C1)NC2=NC=CC(=N2)NCCNC(=O)NC3=CC=CC=C3F
UNC10225336A,44527001,LINCS,C1=CN=C(N=C1NC2=CC(=CC(=C2)Cl)Cl)NC3=CC(=CC(=C3)Cl)Cl
UNC10225337A,22477600,LINCS,C1=CC=C(C=C1)C2=C3C=CNC3=NC=C2
UNC10225338A,6539496,LINCS,C1=CC(=CC(=C1)NC2=C(C(=O)NC2=O)C3=CC=C(C=C3)Cl)C(=O)O
UNC10225339A,11373846,LINCS,CC1=C(C(CC(=O)N1)C2=CC=C(C=C2)C(F)(F)F)C(=O)NC3=C(C=C4C(=C3)C=NN4)F
UNC10225340A,44306199,LINCS,C1=CC=C(C=C1)C2=NC3=C(N=CN=C3N2C4=CC=CC=C4)N
UNC10225342A,44529112,LINCS,CCS(=O)(=O)C1=CC(=C(C=C1)OC)NC2=NC=CC(=N2)C3=C4C=CC=NN4N=C3C5=CC(=CC=C5)NC(=O)C6=C(C=CC=C6F)F
UNC10225343A,57396627,LINCS,C1COCCN1C2=CC(=O)N3C=CN(C3=N2)CC4=CC(=C(C=C4)F)Cl
UNC10225344A,46214650,LINCS,C1CCN(CC1)C2=NC(=NC(=C2)C3=CC4=C(C=C3)C(=NN4)N)N
UNC10225345A,44532202,LINCS,C1=CC=NC(=C1)C2=CC3=NC=CC(=C3C=C2)NC4=CC5=C(C=C4)NC=C5.Cl
UNC10225346A,6539504,LINCS,CSC1=CC=C(C=C1)NC2=C(C(=O)NC2=O)C3=CC=CC=C3Cl
UNC10225347A,44525944,LINCS,COC1=CC=C(C=C1)NC2=NC=CC(=N2)N3CCC(C3)NC(=O)NC4=CC(=CC=C4)OC
UNC10225348A,49862644,LINCS,C[C@H](C1=CC=CC=C1Cl)OC2=C(SC(=C2)N3C=NC4=C3C=C(C=C4)C5=CC=NC=C5)C(=O)N
UNC10225349A,44526800,LINCS,CNC(=O)C1=CC=CC=C1NC2=NC(=NC=C2Cl)NC3=CC=C(C=C3)N4CCOCC4.Cl
UNC10225350A,6539586,LINCS,C1CC1C(=O)NC2=NNC3=C2C=CC(=C3)C4=CC=CS4
UNC10225351A,49798353,LINCS,C1=CC=C(C(=C1)C(=O)C2=CNC(=C2)C(=O)NC3=C(C=CC=C3F)F)F
UNC10225352A,11712734,LINCS,C1=CC(=CC(=C1)C(F)(F)F)C2=NN3C=C(C=CC3=C2C4=NC(=NC=C4)NCCCO)C(F)(F)F
UNC10225353A,2409198,LINCS,CC1=CC=C(C=C1)NC(=O)NC2=CC(=NN2C3=CC=CC=C3)C(C)(C)C
UNC10225354A,156422,LINCS,CC1=CC=C(C=C1)N2C(=CC(=N2)C(C)(C)C)NC(=O)NC3=CC=C(C4=CC=CC=C43)OCCN5CCOCC5
UNC10225355A,57398391,LINCS,CC1=CC=CC=C1CN2C=CN3C2=NC(=CC3=O)N4CCOCC4
UNC10225357A,44336137,LINCS,CC1=CC(=NC(=N1)N)C2=C(N=CN2CCCN3CCOCC3)C4=CC=C(C=C4)F
UNC10225358A,6539428,LINCS,C1COC2=C(O1)C=CC(=C2)NC3=NC=CC(=N3)C4=C5C=CC=NN5N=C4C6=CC=C(C=C6)Cl
UNC10225359A,44526072,LINCS,CC1=C(C=C(C=C1)NC(=O)NC2=CC(=C(C=C2)Cl)C(F)(F)F)C3=CC=C(C=C3)C(=O)NC4=CC=NC=C4
UNC10225360A,5329481,LINCS,C1=CC=C(C=C1)COC2=CC=C(C=C2)NC3=NC=NC4=C3C=C(C=C4)O
UNC10225361A,44532978,LINCS,CC(C)(C)C1=CC2=C(C=CN=C2C=C1)NC3=CC(=CC=C3)O
UNC10225362A,253268,LINCS,CC(C)(C)N1C=NC2=C(N=CN=C21)N
UNC10225363A,44525971,LINCS,COC1=CC=C(C=C1)NC2=NC=CC(=N2)NCCNC(=O)C3=CC4=CC=CC=C4S3
UNC10225364A,44532331,LINCS,CC1=CC(=NC(=N1)NCC2=CC=C(C=C2)C(F)(F)F)NCC(C3=CC=CC=C3)C4=CC=CC=C4
UNC10225367A,44305551,LINCS,CC(C)(C)C1=CC=C(C=C1)N2C=NC3=C(N=CN=C32)N
UNC10225369A,53469824,LINCS,C1CN(C2=C1C=C(C=C2)C3=CSC4=C3C(=NC=C4C5=CN=CC=C5)N)C(=O)CC6=CC=CC=C6
UNC10225370A,44305879,LINCS,CCN1C=NC2=C(N=CN=C21)NCC3=CC=CC=C3
UNC10225372A,25190914,LINCS,COC1=C(C=C2C(=C1)N=CN2C3=CC(=C(S3)C(=O)N)OCC4CCCO4)OC
UNC10225373A,6539481,LINCS,C1=CC=C(C=C1)C2=C(C(=O)NC2=O)NC3=CC(=C(C(=C3)Cl)O)Cl
UNC10225374A,51356853,LINCS,CNC1=NC(=NC(=C1)C2=CC3=C(C=C2)C(=NN3)N)N
UNC10225375A,44525938,LINCS,CC(=O)C1=CC(=CC=C1)NC(=O)NC2CCN(C2)C3=NC(=NC=C3)NC4=CC=C(C=C4)OC
UNC10225376A,10186009,LINCS,CN1CCN(CC1)CCCNC2=NC=CC(=N2)C3=C4C=CC(=CN4N=C3C5=CC=C(C=C5)F)C(F)(F)F
UNC10225377A,15872399,LINCS,C1CNCCC1N2C=NC(=C2C3=NC(=NC=C3)OC4=CC=C(C=C4)C5=CC=CC=C5)C6=CC=C(C=C6)F
UNC10225378A,67718922,LINCS,C1=CC=C(C=C1)CN2C=NC3=C2C=CC(=C3)NC4=NC=NC5=CC=CC=C54.Cl
UNC10225379A,44532997,LINCS,C1=CC(=CC(=C1)S(=O)(=O)N)C2=CC3=C(C=CN=C3C=C2)C4=CC(=CC=C4)S(=O)(=O)N
UNC10225381A,51356289,LINCS,CNC1=NC=CC(=N1)C2=CC3=C(C=C2)C(=NN3)N
UNC10225382A,11793277,LINCS,C1COCCN1CCCN2C=NC(=C2C3=CC=CC=N3)C4=CC=C(C=C4)F
UNC10225384A,6539579,LINCS,C1CC1C(=O)NC2=NNC3=NC(=C(C=C32)Cl)C4=CC=CC=C4
UNC10225386A,10028480,LINCS,COC1=C(C=C2C(=C1)N=CN2C3=CC(=C(S3)C(=O)N)OCC4=C(C=NC=C4)Br)OC
UNC10225387B,44532118,LINCS,CC1=CC(=CN=C1N)C2=CC3=C(C[C@@H](CC3)N[C@@H](C)C4=CC=CC=C4)C=C2.Cl
UNC10225388A,44526074,LINCS,CC1=C(C=C(C=C1)NC(=O)NC2=CC=C(C=C2)Cl)C3=CC=C(C=C3)C(=O)NC4=CC=NC=C4
UNC10225389A,44305647,LINCS,CCCCCC1=NC2=C(N=CN=C2N1CCCCC)N
UNC10225390A,44532212,LINCS,CC(=O)NC1=CC=C(C=C1)COC2=CC=C(C=C2)NC3=C4C=CC(=CC4=NC=C3)C5=CC=CC=N5.Cl
UNC10225391A,44525947,LINCS,COC1=CC=C(C=C1)CNC(=O)NC2CCN(C2)C3=NC(=NC=C3)NC4=CC(=C(C(=C4)OC)OC)OC
UNC10225392A,6539569,LINCS,C1CC1C(=O)NC2=NNC3=C2C=CC(=N3)C4=CC(=CC=C4)O
UNC10225393A,25108028,LINCS,CCN1C2=C(C(=NC=C2OCCCCN)C#CC(C)(C)O)N=C1C3=NON=C3N.C(=O)(C(F)(F)F)O.C(=O)(C(F)(F)F)O
UNC10225396A,44397192,LINCS,CCN1C2=C(C=NC=C2N=C1C3=NON=C3N)Br
UNC10225397A,44525950,LINCS,CC(=O)NC1=CC=CC(=C1)C(=O)NC2CCN(C2)C3=NC(=NC=C3)NC4=CC(=C(C(=C4)OC)OC)OC
UNC10225398A,44526078,LINCS,CC1=C(C=C(C=C1)NC(=O)NC2=CC=CC=C2F)C3=CC=C(C=C3)C(=O)NC4=CC=NC=C4
UNC10225399A,44532649,LINCS,C1=CC=C(C=C1)OC2=CC=C(C=C2)NC3=NC(=NC=C3)NC4=CC=C(C=C4)CC#N.Cl
UNC10225400A,44526685,LINCS,C1COCCN1C2=CN=C3C=CC(=CC3=N2)C4=CC(=CC=C4)S(=O)(=O)N
UNC10225401A,6539492,LINCS,C1=CC=C(C(=C1)C2=C(C(=O)NC2=O)NC3=CC=CC(=C3)C(=O)O)Cl
UNC10225402A,44532773,LINCS,CC1=C(C=C(C=C1)OC)NC2=NC(=NC=C2)NC3=CC=C(C=C3)C4=CN=CN4.Cl
UNC10225403A,134158101,LINCS,C[C@@H]1CN(CCO1)C2=CC(=O)N3C(=N2)N(C(=N3)C)CC4=C(C(=CC=C4)C(F)(F)F)C
UNC10225404A,21078798,LINCS,CC1=C(C=C(C=C1)C2=NN=C(O2)C)C3=CC=C(C=C3)C(=O)NCC4CC4
UNC10225405A,46215814,LINCS,C1=CC2=C(C=C1C3=NC(=NC=C3)N)NN=C2N
UNC10225406A,6539524,LINCS,CN1C(=O)C(=C(C1=O)NC2=CC(=C(C=C2)Cl)C(=O)O)C3=CC=C(C=C3)Cl
UNC10225407A,44397011,LINCS,CCN1C2=C(C=NC=C2)N=C1C3=CC=CC=C3
UNC10225410A,44305594,LINCS,C1=CC=C2C(=C1)C=CC=C2N3C=NC4=C(N=CN=C43)N
UNC10225411A,6539529,LINCS,C1=CC=C(C=C1)C2=NC=C3C(=C2)C(=NN3)N
UNC10225413A,12081456,LINCS,COC1=CC=C(C=C1)N2C=NC3=C(N=CN=C32)N
UNC10225414A,10310395,LINCS,CC(C)OC1=NN2C(=C(C=N2)C3=NC(=NC=C3)NC4=CC=C(C=C4)N5CCN(CC5)C)C=C1
UNC10225415A,57345685,LINCS,CC1=CN2C(=O)C=C(N=C2N1CC3=C(C(=CC=C3)Cl)Cl)N4CCOCC4
UNC10225416A,49862783,LINCS,C[C@H](C1=CC=CC=C1Cl)OC2=C(SC(=C2)N3C=NC4=C3C=CC(=C4)C5=CN(N=C5)C)C(=O)N
UNC10225417A,70685442,LINCS,CC1=C(C=CC=C1C(F)(F)F)CN2C3=NC(=CC(=O)N3N=C2SC)N4CCOCC4
UNC10225417A,70685442,LINCS,CC1=C(C=CC=C1C(F)(F)F)CN2C3=NC(=CC(=O)N3N=C2SC)N4CCOCC4
UNC10225417A,70685442,LINCS,CC1=C(C=CC=C1C(F)(F)F)CN2C3=NC(=CC(=O)N3N=C2SC)N4CCOCC4
UNC10225417A,70685442,LINCS,CC1=C(C=CC=C1C(F)(F)F)CN2C3=NC(=CC(=O)N3N=C2SC)N4CCOCC4
UNC10225417A,70685442,LINCS,CC1=C(C=CC=C1C(F)(F)F)CN2C3=NC(=CC(=O)N3N=C2SC)N4CCOCC4
UNC10225417A,70685442,LINCS,CC1=C(C=CC=C1C(F)(F)F)CN2C3=NC(=CC(=O)N3N=C2SC)N4CCOCC4
UNC10225417A,70685442,LINCS,CC1=C(C=CC=C1C(F)(F)F)CN2C3=NC(=CC(=O)N3N=C2SC)N4CCOCC4
UNC10225417A,70685442,LINCS,CC1=C(C=CC=C1C(F)(F)F)CN2C3=NC(=CC(=O)N3N=C2SC)N4CCOCC4
UNC10225418A,667570,LINCS,C1=CC(=CC=C1C2=C(NC=N2)C3=CC=NC=C3)F
UNC10225419A,6539609,LINCS,C1CC1C(=O)NC2=NNC3=C2C=CC(=C3)C4=CC=CO4
UNC10225421A,10158539,LINCS,C1COCCN1C(=O)C2=CC=C(C=C2)C3=NC=CC(=C3)C4=C(NN=C4)C5=CC=CC=N5
UNC10225422A,44532152,LINCS,C1=CC=C(C(=C1)COC2=C(C=C(C=C2)NC3=NC=NC4=C3C=C(C=C4)C5=NN=C(O5)C(F)(F)F)Cl)F.Cl
UNC10225424A,44525943,LINCS,CC1=CC(=C(C=C1)C)NC(=O)NC2CCN(C2)C3=NC(=NC=C3)NC4=CC=C(C=C4)OC
UNC10225425A,10621826,LINCS,C1COCCN1CCCN2C=NC(=C2C3=CC=NC=C3)C4=CC=C(C=C4)C(F)(F)F
UNC10225427A,44591552,LINCS,CS(=O)(=O)NC1=CC=C(C=C1)C2=C3C=CNC3=NC=C2
UNC10225428A,44532480,LINCS,CN(C)CC1=CC=C(O1)C2=CC3=NC=CC(=C3C=C2)NC4=CC=C(C=C4)OC5=CC=CC=N5
UNC10225429A,11197671,LINCS,C1=CC=C2C(=C1)C(=CC=N2)C3=C(N=C(S3)N)C4=NC=CS4
UNC10225431A,838889,LINCS,COC1=CC=C(C=C1)C2=C(OC3=NC=NC(=C23)N)C4=CC=C(C=C4)OC
UNC10225432A,135925145,LINCS,CC1=CC=C(C=C1)C(=O)NC2=C(C=C(C=C2)NC3=C4C=CC(=CC4=NC=C3)C5=NC=CS5)O.Cl
UNC10225433A,44529114,LINCS,COC1=CC(=CC(=C1OC)OC)NC2=NC=CC(=N2)C3=C4C=CC=NN4N=C3C5=CC(=CC=C5)NC(=O)C6=C(C=CC=C6F)F
UNC10225435A,70691776,LINCS,CSC1=NN2C(=O)C=C(N=C2N1CC3=C(C(=CC=C3)Cl)Cl)N4CCOCC4
UNC10225437A,9945696,LINCS,CSC1=CC=CC2=C(C(=NN21)C3=CC=C(C=C3)F)C4=NC=NC=C4
UNC10225438A,44532827,LINCS,CN1C2=C(C=C(C=C2)N(C)C3=NC(=NC=C3)NC4=CC=C(C=C4)CS(=O)(=O)C)N=C1NCC5=CC=CC=C5.Cl
UNC10225439A,57396625,LINCS,C1COCCN1C2=CC(=O)N3C=CN(C3=N2)CC4=CC=CC5=CC=CC=C54
UNC10225440A,44529067,LINCS,C1=CC(=CC(=C1)NC(=O)C2=C(C=CC=C2F)F)C3=NN4C(=C3C5=NC(=NC=C5)NC6=CN=CC=C6)C=CC=N4.Cl
UNC10225441A,44532433,LINCS,C1=CC(=C(C=C1NC2=C3C=CC(=CC3=NC=C2)I)O)F
UNC10225443A,15838857,LINCS,CN1CCC(CC1)N2C=NC(=C2C3=NC(=NC=C3)NC4CCNCC4)C5=CC=C(C=C5)F
UNC10225444A,44536188,LINCS,C1CCN(C1)CC2=CC=C(C=C2)C(=O)NC3=NNC4=NC(=C(C=C43)Br)C5=CC=CO5.[C@@H]([C@H](C(=O)O)O)(C(=O)O)O
UNC10225445A,44526077,LINCS,CC1=C(C=C(C=C1)NC(=O)NC2=CC=C(C=C2)OC)C3=CC=C(C=C3)C(=O)NC4=CC=NC=C4
UNC10225448A,11558948,LINCS,COC1=CC=CC(=C1)C2=NC=CC(=C2)C3=C(NN=C3)C4=CC=CC=N4
UNC10225449A,11246488,LINCS,COC1=C(C=C2C(=C1)C(=NC=N2)NC3=CC(=CC=C3)Br)OC.Cl
UNC10225450A,25263100,LINCS,COC1=C(C=C2C(=C1)N=CN2C3=CC(=C(S3)C(=O)N)OCCCC4=CC=CC=C4)OC
UNC10225451A,44528314,LINCS,C1CNC[C@@H]1NC2=NC3=C(C(=O)NC=C3)C(=N2)NC4=CC5=C(CCS5(=O)=O)C=C4.C(=O)(C(F)(F)F)O
UNC10225452A,23648887,LINCS,CN(C)CCNS(=O)(=O)C1=CC=C(C=C1)C2=C3C=CNC3=NC=C2
UNC10225453A,10151417,LINCS,CCCCC1=NN2C(=C1C3=NC(=NC=C3)NC4=CC=C(C=C4)N5CCN(CC5)C)C=CC=N2
UNC10225454A,44305908,LINCS,COC1=CC=CC(=C1)N2C=NC3=C(N=CN=C32)N
UNC10225455A,6539588,LINCS,C1CC1C(=O)NC2=NNC3=NC(=C(C=C32)Br)C4=CC=CS4
UNC10225456A,6539470,LINCS,COC1=CC=CC(=C1)C2=C(C(=O)NC2=O)NC3=CC(=CC=C3)O
UNC10225457A,44526922,LINCS,CN(C)S(=O)(=O)C1=C(N=CC(=C1)C2=CC3=C(C=CN=C3C=C2)C4=CC(=CC=C4)S(=O)(=O)N)N
UNC10225458A,44532712,LINCS,CC1=C2C=CC(=CC2=NN1)NC3=NC(=NC=C3)NC4=CC=CC(=C4)CN5CCOCC5
UNC10225459A,5311382,LINCS,CCN(CC)CCOC1=CC=C(C=C1)NC2=NC=C3C=C(C(=O)N(C3=N2)C)C4=C(C=CC=C4Cl)Cl
UNC10225462A,23648920,LINCS,C1CCN(C1)S(=O)(=O)C2=CC=C(C=C2)C3=C4C=CNC4=NC=C3
UNC10225464A,6539463,LINCS,C1=CC(=CC(=C1)Cl)NC2=C(C(=O)NC2=O)C3=CC=C(C=C3)Cl
UNC10225467A,44532314,LINCS,C1=CC(=CC(=C1)O)NC2=C3C=CC(=CC3=NC=C2)C4=CC=NC=C4.Cl
UNC10225468A,6539528,LINCS,C1=CC=C(C=C1)C2=CC3=C(NN=C3N=C2)N
UNC10225473A,11633551,LINCS,CN(C1CCOCC1)C(=O)C2=CC=C(C=C2)C3=NC=CC(=C3)C4=C(NN=C4)C5=CC=CC=N5
UNC10225474A,44397230,LINCS,CCN1C2=C(C=NC=C2)N=C1C3=COC=C3
UNC10225475A,10135552,LINCS,CC1=C(C=C(C=C1)C2=NN=C(O2)C)C3=CC=C(C=C3)C(=O)NC4=CC=C(C=C4)OC
UNC10225477A,45271244,LINCS,CC1=NC(=CC=C1)C2=NC3=CC=CC=C3C(=N2)NC4=CC5=C(C=C4)N=CS5
UNC10225478A,66561167,LINCS,CN1C=C(C2=C(N=CN=C21)N)C3=CC4=C(C=C3)N(CC4)C(=O)CC5=CC(=CC(=C5)F)C(F)(F)F
UNC10225479A,44532979,LINCS,CC1=C(C=C(C=C1)O)NC2=C3C=C(C=CC3=NC=C2)C(C)(C)C
UNC10225480A,45271243,LINCS,CC1=NC(=CC=C1)C2=NC3=CC=CC=C3C(=N2)NC4=CC5=C(C=C4)N(N=C5)C
UNC10225481A,56683489,LINCS,CC(C)C1=NC(=C(S1)C2=NC(=NC=C2)NC3=CN=C(C=C3)N4CCN(CC4)C(=O)C)C5=CC(=CC=C5)NS(=O)(=O)C6=CC(=CC=C6)Cl
UNC10225483A,44523342,LINCS,COC1=CC2=C(C=CN=C2C=C1OC)NC3=CC=C(C=C3)OC4=CC=CC=C4.Cl
UNC10225484A,44532531,LINCS,CN1CCN(CC1)CC2=CC(=CC=C2)C3=CC4=NC=CC(=C4C=C3)NC5=CC=C(C=C5)OC6=CC=CC=C6
UNC10225486A,129723,LINCS,CSC1=CC=C(C=C1)C2=C(N3CCCC3=N2)C4=CC=NC=C4
UNC10225488A,67636397,LINCS,C1=CC=C(C=C1)CN2C=CC3=C2C=CC(=C3)NC4=NC=NC5=CC=CC=C54.Cl
UNC10225489A,51357954,LINCS,C[C@@H]1CC[C@@H](CN1C2=NC(=NC(=C2)C3=CC4=C(C=C3)C(=NN4)N)N)C(=O)NC5CCCCC5
UNC10225490A,66561013,LINCS,CC1=CC=C(C=C1)CC(=O)N2CCC3=C2C=CC(=C3)C4=CN(C5=NC=NC(=C45)N)C
UNC10225491A,25263085,LINCS,CC1=CC=CC=C1COC2=C(SC(=C2)N3C=NC4=C3C=CC(=C4)Cl)C(=O)N
UNC10225492A,44525969,LINCS,C1OC2=C(O1)C=C(C=C2)NC(=O)NCCNC3=NC(=NC=C3)NC4=CC=C(C=C4)F
UNC10225494A,53467617,LINCS,C1CN(C2=C1C=C(C=C2)C3=CSC4=C3C(=NC=C4)N)C(=O)CC5=C(C=CC(=C5)F)F
UNC10225496A,25263102,LINCS,COC1=C(C=C2C(=C1)N=CN2C3=CC(=C(S3)C(=O)N)OCC4CCCCC4)OC
UNC10225497A,22609863,LINCS,CN1C=NC=C1C2=CC3=C(C=C2)N=CN=C3NC4=CC=C(C=C4)OCC5=CC=CC=C5
UNC10225498A,44526758,LINCS,CN1CCN(CC1)C2=C(C=CC(=C2)NC3=NC=C(C(=N3)NC4=CC=CC=C4C(=O)N)C#N)OC.Cl
UNC10225499A,11716589,LINCS,CC1=CC(=CC=C1)C2=NC=CC(=C2)C3=C(NN=C3)C4=CC=CC=N4
UNC10225500A,53469634,LINCS,C1CN(C2=C1C=C(C=C2)C3=CSC4=C3C(=NC=C4C5=CNN=C5)N)C(=O)CC6=CC=CC=C6
UNC10225501A,11220119,LINCS,CC1=C(C=C(C=C1)C2=NN=C(O2)C)C3=CC=C(C=C3)C(=O)O
UNC10225502A,1491157,LINCS,C1=CC(=C(C(=C1)Cl)C(=O)C2=CNC(=C2)C(=O)NCC3=CC=CS3)Cl
UNC10225504A,44530989,LINCS,COC1=C(C=C2C(=C1)C(=NC=N2)NC3=CC4=C(C=C3)N=C(N4)C5=CC=CC=C5)OC.Cl
UNC10243858A,3134,LINCS,CN(C)C1=NC=NC2=C1NC=N2
UNC10243859A,51357696,LINCS,C[C@@H]1CC[C@H](CN1C2=NC(=NC(=C2)C3=CC4=C(C=C3)C(=NN4)N)N)C(=O)NC5=CC=CC=C5
UNC10243861A,57391365,LINCS,CC1=C(C=CC=C1C(F)(F)F)CN2C=CN3C2=NC(=CC3=O)N4CCOCC4
UNC10243862A,221158,LINCS,CNC1=NC=NC2=C1C=NN2
UNC10243863A,309461,LINCS,C1=CC=C(C=C1)C2=NC3=NC=NC(=C3N2)N
UNC10243881A,70685442,LINCS,CC1=C(C=CC=C1C(F)(F)F)CN2C3=NC(=CC(=O)N3N=C2SC)N4CCOCC4
UNC10243881A,70685442,LINCS,CC1=C(C=CC=C1C(F)(F)F)CN2C3=NC(=CC(=O)N3N=C2SC)N4CCOCC4
UNC10243881A,70685442,LINCS,CC1=C(C=CC=C1C(F)(F)F)CN2C3=NC(=CC(=O)N3N=C2SC)N4CCOCC4
UNC10243881A,70685442,LINCS,CC1=C(C=CC=C1C(F)(F)F)CN2C3=NC(=CC(=O)N3N=C2SC)N4CCOCC4
UNC10243881A,70685442,LINCS,CC1=C(C=CC=C1C(F)(F)F)CN2C3=NC(=CC(=O)N3N=C2SC)N4CCOCC4
UNC10243881A,70685442,LINCS,CC1=C(C=CC=C1C(F)(F)F)CN2C3=NC(=CC(=O)N3N=C2SC)N4CCOCC4
UNC10243881A,70685442,LINCS,CC1=C(C=CC=C1C(F)(F)F)CN2C3=NC(=CC(=O)N3N=C2SC)N4CCOCC4
UNC10243881A,70685442,LINCS,CC1=C(C=CC=C1C(F)(F)F)CN2C3=NC(=CC(=O)N3N=C2SC)N4CCOCC4
UNC10244034A,11959683,LINCS,CCN1C2=CC(=NC(=C2N=C1C3=NON=C3N)C#CC(C)(C)O)OC[C@@H](C4=CC=CC=C4)N
AKI00000020a,68195404,LINCS,C1COCCN1C2=CC=C(C=C2)NC3=NC=C4C(=N3)N5C=CN=C5N(C4=O)C6=C(C=CC=C6Cl)Cl
AKI00000062a,49830468,LINCS,CN(C)CC(=O)NC1=NNC2=C1C=C(C=C2)C3=CN(N=N3)CC4=CC=CC=C4
BAY-309,155544007,LINCS,CC1=CC(=CC(=C1)N2C=CN3C2=CC(=N3)C4=CN=CC=C4)NC(=O)C5=CC(=CC=C5)S(F)(F)(F)(F)F
BAY-827,155543618,LINCS,CC1=C2C=C(C=CC2=NN1)[C@@H]3C(=C(NC(=C3C#N)C4=CC=C(C=C4)Cl)C)C#N
ERKi,145925680,LINCS,C[C@H](C1=CC=CC=C1)NC(=O)NC2=NC(=C3C=NNC3=C2)CO
ERKi-NC,155557179,LINCS,C[C@@H](C1=CC=CC=N1)NC(=O)NC2=NC(=C3C=NNC3=C2)CO
GSK2141795,51042438,LINCS,CN1C(=C(C=N1)Cl)C2=C(OC(=C2)C(=O)N[C@@H](CC3=CC(=C(C=C3)F)F)CN)Cl
GSK2141795,51042438,LINCS,CN1C(=C(C=N1)Cl)C2=C(OC(=C2)C(=O)N[C@@H](CC3=CC(=C(C=C3)F)F)CN)Cl
GSK2141795,75605138,LINCS,CN1C(=C(C=N1)Cl)C2=C(OC(=C2)C(=O)NC(CC3=CC(=C(C=C3)F)F)CN)Cl
ML-281,53377448,LINCS,CC(C)C1=CC(=C(C=C1)NC(=O)C2=CC=CS2)C3=NC4=CC=CC=C4NC3=O
MRL-SYKi-NC,155545891,LINCS,CC1=C(C=C(C=C1)C2=CN=C(S2)[C@]3(CC[C@@H](C(C3)(C)C)C(=O)O)O)NC4=CC=CC(=N4)C(F)(F)F
T3,5920,LINCS,C1=CC(=C(C=C1OC2=C(C=C(C=C2I)C[C@@H](C(=O)O)N)I)I)O
TP-003,10001434,LINCS,CC(C)(C1=C(C2=NC=C(N2C=C1)C3=CC(=C(C=C3)F)C4=C(C=C(C=C4)F)C#N)F)O
TP-008,145925651,LINCS,CC1=CN=C(C=C1N2C3=C(C=NC=C3)N(C2=O)CC(=O)N)C4=C(C=CC(=C4)Cl)F
Abemaciclib,46220502,klaeger,CCN1CCN(CC1)CC2=CN=C(C=C2)NC3=NC=C(C(=N3)C4=CC5=C(C(=C4)F)N=C(N5C(C)C)C)F
Abemaciclib,46220502,klaeger,CCN1CCN(CC1)CC2=CN=C(C=C2)NC3=NC=C(C(=N3)C4=CC5=C(C(=C4)F)N=C(N5C(C)C)C)F
AC-480,10437018,klaeger,CC1=C2C(=NC=NN2C=C1NC(=O)OC[C@@H]3COCCN3)NC4=CC5=C(C=C4)N(N=C5)CC6=CC(=CC=C6)F
ACTB-1003,23653175,klaeger,COCC1=C(N2C(=C1C3=CC(=C(C=C3)NC(=O)NC4=C(C=CC(=C4)C(F)(F)F)F)F)C(=NC=N2)N)CN5CCOCC5
AEE-788,10297043,klaeger,CCN1CCN(CC1)CC2=CC=C(C=C2)C3=CC4=C(N3)N=CN=C4N[C@H](C)C5=CC=CC=C5
AEW-541,11476171,klaeger,C1CN(C1)CC2CC(C2)N3C=C(C4=C(N=CN=C43)N)C5=CC(=CC=C5)OCC6=CC=CC=C6
Afatinib,10184653,klaeger,CN(C)C/C=C/C(=O)NC1=C(C=C2C(=C1)C(=NC=N2)NC3=CC(=C(C=C3)F)Cl)O[C@H]4CCOC4
Alectinib,49806720,klaeger,CCC1=CC2=C(C=C1N3CCC(CC3)N4CCOCC4)C(C5=C(C2=O)C6=C(N5)C=C(C=C6)C#N)(C)C
Alectinib,49806720,klaeger,CCC1=CC2=C(C=C1N3CCC(CC3)N4CCOCC4)C(C5=C(C2=O)C6=C(N5)C=C(C=C6)C#N)(C)C
Alisertib,24771867,klaeger,COC1=C(C(=CC=C1)F)C2=NCC3=CN=C(N=C3C4=C2C=C(C=C4)Cl)NC5=CC(=C(C=C5)C(=O)O)OC
Alvocidib,5287969,klaeger,CN1CC[C@@H]([C@@H](C1)O)C2=C(C=C(C3=C2OC(=CC3=O)C4=CC=CC=C4Cl)O)O
AMG-208,24864821,klaeger,COC1=CC2=NC=CC(=C2C=C1)OCC3=NN=C4N3N=C(C=C4)C5=CC=CC=C5
AMG-900,24856041,klaeger,CC1=CSC(=C1)C2=NN=C(C3=CC=CC=C32)NC4=CC=C(C=C4)OC5=C(C=CC=N5)C6=NC(=NC=C6)N
Amuvatinib,11282283,klaeger,C1CN(CCN1C2=NC=NC3=C2OC4=CC=CC=C43)C(=S)NCC5=CC6=C(C=C5)OCO6
Apatinib,11315474,klaeger,C1CCC(C1)(C#N)C2=CC=C(C=C2)NC(=O)C3=C(N=CC=C3)NCC4=CC=NC=C4
Apatinib,45139106,klaeger,CS(=O)(=O)O.C1CCC(C1)(C#N)C2=CC=C(C=C2)NC(=O)C3=C(N=CC=C3)NCC4=CC=NC=C4
Apatinib,131750276,klaeger,CSO.C=O.C=O.C1CCC(C1)(C#N)C2=CC=C(C=C2)NC(=O)C3=C(N=CC=C3)NCC4=CC=NC=C4
Apitolisib,25254071,klaeger,CC1=C(SC2=C1N=C(N=C2N3CCOCC3)C4=CN=C(N=C4)N)CN5CCN(CC5)C(=O)[C@H](C)O
ARRY-380,42598643,klaeger,CC1=C(C=CC(=C1)NC2=NC=NC3=C2C=C(C=C3)C4=CC=C(O4)CNCCS(=O)(=O)C)OC5=CC6=NC=NN6C=C5
ASP-3026,25134326,klaeger,CC(C)S(=O)(=O)C1=CC=CC=C1NC2=NC(=NC=N2)NC3=C(C=C(C=C3)N4CCC(CC4)N5CCN(CC5)C)OC
AT-13148,24905401,klaeger,C1=CC(=CC=C1C2=CNN=C2)[C@@](CN)(C3=CC=C(C=C3)Cl)O
AT-7519,11338033,klaeger,C1CNCCC1NC(=O)C2=C(C=NN2)NC(=O)C3=C(C=CC=C3Cl)Cl
AT-9283,135398495,klaeger,C1CC1NC(=O)NC2=C(NN=C2)C3=NC4=C(N3)C=C(C=C4)CN5CCOCC5
AV-412,9806229,klaeger,CC(C)(C#CC1=CC2=C(C=C1NC(=O)C=C)C(=NC=N2)NC3=CC(=C(C=C3)F)Cl)N4CCN(CC4)C
AV-412,11700696,klaeger,CC1=CC=C(C=C1)S(=O)(=O)O.CC1=CC=C(C=C1)S(=O)(=O)O.CC(C)(C#CC1=CC2=C(C=C1NC(=O)C=C)C(=NC=N2)NC3=CC(=C(C=C3)F)Cl)N4CCN(CC4)C
AV-412,156267898,klaeger,CC1=CC=C(C=C1)S(=O)(=O)O.CC(C)(C#CC1=CC2=C(C=C1NC(=O)C=C)C(=NC=N2)NC3=CC(=C(C=C3)F)Cl)N4CCN(CC4)C
Axitinib,6450551,klaeger,CNC(=O)C1=CC=CC=C1SC2=CC3=C(C=C2)C(=NN3)/C=C/C4=CC=CC=N4
Axitinib,6450551,klaeger,CNC(=O)C1=CC=CC=C1SC2=CC3=C(C=C2)C(=NN3)/C=C/C4=CC=CC=N4
AXL-1717,72435,klaeger,COC1=CC(=CC(=C1OC)OC)[C@H]2[C@H]3[C@H](COC3=O)[C@H](C4=CC5=C(C=C24)OCO5)O
AZD-1208,58423153,klaeger,C1C[C@H](CN(C1)C2=C(C=CC=C2C3=CC=CC=C3)/C=C\4/C(=O)NC(=O)S4)N
AZD-1480,16659841,klaeger,CC1=CC(=NN1)NC2=NC(=NC=C2Cl)N[C@@H](C)C3=NC=C(C=N3)F
AZD-2014,25262792,klaeger,C[C@H]1COCCN1C2=NC(=NC3=C2C=CC(=N3)C4=CC(=CC=C4)C(=O)NC)N5CCOC[C@@H]5C
AZD-4547,51039095,klaeger,C[C@@H]1CN(C[C@@H](N1)C)C2=CC=C(C=C2)C(=O)NC3=NNC(=C3)CCC4=CC(=CC(=C4)OC)OC
AZD-5363,25227436,klaeger,C1CN(CCC1(C(=O)N[C@@H](CCO)C2=CC=C(C=C2)Cl)N)C3=NC=NC4=C3C=CN4
AZD-5438,16747683,klaeger,CC1=NC=C(N1C(C)C)C2=NC(=NC=C2)NC3=CC=C(C=C3)S(=O)(=O)C
AZD-6482,44137675,klaeger,CC1=CN2C(=O)C=C(N=C2C(=C1)[C@@H](C)NC3=CC=CC=C3C(=O)O)N4CCOCC4
AZD-7762,11152667,klaeger,C1C[C@@H](CNC1)NC(=O)C2=C(C=C(S2)C3=CC(=CC=C3)F)NC(=O)N
AZD-8055,25262965,klaeger,C[C@H]1COCCN1C2=NC(=NC3=C2C=CC(=N3)C4=CC(=C(C=C4)OC)CO)N5CCOC[C@@H]5C
AZD-8186,52913813,klaeger,C[C@H](C1=CC(=CC2=C1OC(=CC2=O)N3CCOCC3)C(=O)N(C)C)NC4=CC(=CC(=C4)F)F
AZD-8330,16666708,klaeger,CC1=CC(=C(N(C1=O)C)NC2=C(C=C(C=C2)I)F)C(=O)NOCCO
Bafetinib,11387605,klaeger,CC1=C(C=C(C=C1)NC(=O)C2=CC(=C(C=C2)CN3CC[C@@H](C3)N(C)C)C(F)(F)F)NC4=NC=CC(=N4)C5=CN=CN=C5
Barasertib,11497983,klaeger,CCN(CCCOC1=CC2=C(C=C1)C(=NC=N2)NC3=NNC(=C3)CC(=O)NC4=CC(=CC=C4)F)CCOP(=O)(O)O
Barasertib_HQPA,16007391,klaeger,CCN(CCCOC1=CC2=C(C=C1)C(=NC=N2)NC3=NNC(=C3)CC(=O)NC4=CC(=CC=C4)F)CCO
Baricitinib,44205240,klaeger,CCS(=O)(=O)N1CC(C1)(CC#N)N2C=C(C=N2)C3=C4C=CNC4=NC=N3
BGT-226,11978790,klaeger,CN1C2=CN=C3C=CC(=CC3=C2N(C1=O)C4=CC(=C(C=C4)N5CCNCC5)C(F)(F)F)C6=CN=C(C=C6)OC
BI-2536,11364421,klaeger,CC[C@@H]1C(=O)N(C2=CN=C(N=C2N1C3CCCC3)NC4=C(C=C(C=C4)C(=O)NC5CCN(CC5)C)OC)C
BI-847325,135567102,klaeger,CCNC(=O)C#CC1=CC2=C(C=C1)C(=C(N2)O)C(=NC3=CC=C(C=C3)CN(C)C)C4=CC=CC=C4
Binimetinib,10288191,klaeger,CN1C=NC2=C1C=C(C(=C2F)NC3=C(C=C(C=C3)Br)F)C(=O)NOCCO
BMS-387032,3025986,klaeger,CC(C)(C)C1=CN=C(O1)CSC2=CN=C(S2)NC(=O)C3CCNCC3
BMS-690514,11349170,klaeger,COC1=CC=CC(=C1)NC2=NC=NN3C2=C(C=C3)CN4CC[C@H]([C@@H](C4)O)N
BMS-754807,24785538,klaeger,C[C@]1(CCCN1C2=NN3C=CC=C3C(=N2)NC4=NNC(=C4)C5CC5)C(=O)NC6=CN=C(C=C6)F
BMS-777607,24794418,klaeger,CCOC1=C(C(=O)N(C=C1)C2=CC=C(C=C2)F)C(=O)NC3=CC(=C(C=C3)OC4=C(C(=NC=C4)N)Cl)F
BMS-911543,50922691,klaeger,CCN1C(=CC2=C3C(=C(N=C21)NC4=NN(C(=C4)C)C)N=CN3C)C(=O)N(C5CC5)C6CC6
Bosutinib,5328940,klaeger,CN1CCN(CC1)CCCOC2=C(C=C3C(=C2)N=CC(=C3NC4=CC(=C(C=C4Cl)Cl)OC)C#N)OC
Brivanib,11234052,klaeger,CC1=CC2=C(N1)C=CC(=C2F)OC3=NC=NN4C3=C(C(=C4)OC[C@@H](C)O)C
Brivanib_alaninate,11154925,klaeger,CC1=CC2=C(N1)C=CC(=C2F)OC3=NC=NN4C3=C(C(=C4)OC[C@@H](C)OC(=O)[C@H](C)N)C
BYL-719,56649450,klaeger,CC1=C(SC(=N1)NC(=O)N2CCC[C@H]2C(=O)N)C3=CC(=NC=C3)C(C)(C)C(F)(F)F
BYL-719,56649450,klaeger,CC1=C(SC(=N1)NC(=O)N2CCC[C@H]2C(=O)N)C3=CC(=NC=C3)C(C)(C)C(F)(F)F
Cabozantinib,25102847,klaeger,COC1=CC2=C(C=CN=C2C=C1OC)OC3=CC=C(C=C3)NC(=O)C4(CC4)C(=O)NC5=CC=C(C=C5)F
Canertinib,156414,klaeger,C=CC(=O)NC1=C(C=C2C(=C1)C(=NC=N2)NC3=CC(=C(C=C3)F)Cl)OCCCN4CCOCC4
Canertinib,156414,klaeger,C=CC(=O)NC1=C(C=C2C(=C1)C(=NC=N2)NC3=CC(=C(C=C3)F)Cl)OCCCN4CCOCC4
Canertinib,156414,klaeger,C=CC(=O)NC1=C(C=C2C(=C1)C(=NC=N2)NC3=CC(=C(C=C3)F)Cl)OCCCN4CCOCC4
Capmatinib,25145656,klaeger,CNC(=O)C1=C(C=C(C=C1)C2=NN3C(=CN=C3N=C2)CC4=CC5=C(C=C4)N=CC=C5)F
CC-401,10430360,klaeger,C1CCN(CC1)CCOC2=CC=CC(=C2)C3=NNC4=C3C=C(C=C4)C5=NC=NN5
Cediranib,9933475,klaeger,CC1=CC2=C(N1)C=CC(=C2F)OC3=NC=NC4=CC(=C(C=C43)OC)OCCCN5CCCC5
CEP-32496,56846693,klaeger,CC(C)(C1=CC(=NO1)NC(=O)NC2=CC(=CC=C2)OC3=NC=NC4=CC(=C(C=C43)OC)OC)C(F)(F)F
Cerdulatinib,44595079,klaeger,CCS(=O)(=O)N1CCN(CC1)C2=CC=C(C=C2)NC3=NC=C(C(=N3)NC4CC4)C(=O)N
Ceritinib,57379345,klaeger,CC1=CC(=C(C=C1C2CCNCC2)OC(C)C)NC3=NC=C(C(=N3)NC4=CC=CC=C4S(=O)(=O)C(C)C)Cl
Ceritinib,57379345,klaeger,CC1=CC(=C(C=C1C2CCNCC2)OC(C)C)NC3=NC=C(C(=N3)NC4=CC=CC=C4S(=O)(=O)C(C)C)Cl
CH-5183284,66555680,klaeger,CC1=NC2=C(N1)C=C(C=C2)N3C(=C(C=N3)C(=O)C4=CC5=CC=CC=C5N4)N
Cobimetinib,16222096,klaeger,C1CCN[C@@H](C1)C2(CN(C2)C(=O)C3=C(C(=C(C=C3)F)F)NC4=C(C=C(C=C4)I)F)O
Copanlisib,135565596,klaeger,COC1=C(C=CC2=C3NCCN3C(=NC(=O)C4=CN=C(N=C4)N)N=C21)OCCCN5CCOCC5
CP-547632,9811611,klaeger,C1CCN(C1)CCCCNC(=O)NC2=C(C(=NS2)OCC3=C(C=C(C=C3F)Br)F)C(=O)N
CP-724714,9874913,klaeger,CC1=NC=C(C=C1)OC2=C(C=C(C=C2)NC3=NC=NC4=C3C=C(C=C4)/C=C/CNC(=O)COC)C
Crenolanib,10366136,klaeger,CC1(COC1)COC2=CC3=C(C=C2)N(C=N3)C4=NC5=C(C=CC=C5N6CCC(CC6)N)C=C4
Crizotinib,11626560,klaeger,C[C@H](C1=C(C=CC(=C1Cl)F)Cl)OC2=C(N=CC(=C2)C3=CN(N=C3)C4CCNCC4)N
Crizotinib,11626560,klaeger,C[C@H](C1=C(C=CC(=C1Cl)F)Cl)OC2=C(N=CC(=C2)C3=CN(N=C3)C4CCNCC4)N
CUDC-101,24756910,klaeger,COC1=C(C=C2C(=C1)N=CN=C2NC3=CC=CC(=C3)C#C)OCCCCCCC(=O)NO
Cyc-116,6420138,klaeger,CC1=C(SC(=N1)N)C2=NC(=NC=C2)NC3=CC=C(C=C3)N4CCOCC4
Dabrafenib,44462760,klaeger,CC(C)(C)C1=NC(=C(S1)C2=NC(=NC=C2)N)C3=C(C(=CC=C3)NS(=O)(=O)C4=C(C=CC=C4F)F)F
Dacomitinib,11511120,klaeger,COC1=C(C=C2C(=C1)N=CN=C2NC3=CC(=C(C=C3)F)Cl)NC(=O)/C=C/CN4CCCCC4
Danusertib,11442891,klaeger,CN1CCN(CC1)C2=CC=C(C=C2)C(=O)NC3=NNC4=C3CN(C4)C(=O)[C@@H](C5=CC=CC=C5)OC
Dasatinib,3062316,klaeger,CC1=C(C(=CC=C1)Cl)NC(=O)C2=CN=C(S2)NC3=CC(=NC(=N3)C)N4CCN(CC4)CCO
Decernotinib,59422203,klaeger,CC[C@](C)(C(=O)NCC(F)(F)F)NC1=NC(=NC=C1)C2=CNC3=C2C=CC=N3
Defactinib,25117126,klaeger,CNC(=O)C1=CC=C(C=C1)NC2=NC=C(C(=N2)NCC3=NC=CN=C3N(C)S(=O)(=O)C)C(F)(F)F
Deforolimus,11520894,klaeger,C[C@@H]1CC[C@H]2C[C@@H](/C(=C/C=C/C=C/[C@H](C[C@H](C(=O)[C@@H]([C@@H](/C(=C/[C@H](C(=O)C[C@H](OC(=O)[C@@H]3CCCCN3C(=O)C(=O)[C@@]1(O2)O)[C@H](C)C[C@@H]4CC[C@H]([C@@H](C4)OC)OP(=O)(C)C)C)/C)O)OC)C)C)/C)OC
Deforolimus,25199957,klaeger,C[C@@H]1CC[C@H]2C[C@@H](/C(=C/C=C/C=C\[C@H](C[C@H](C(=O)[C@@H]([C@@H](/C(=C/[C@H](C(=O)C[C@H](OC(=O)[C@@H]3CCCCN3C(=O)C(=O)[C@@]1(O2)O)[C@H](C)C[C@@H]4CC[C@H]([C@@H](C4)OC)OP(=O)(C)C)C)/C)O)OC)C)C)/C)OC
Deforolimus,53486198,klaeger,C[C@@H]1CCC2C[C@@H](/C(=C/C=C/C=C/[C@H](C[C@H](C(=O)[C@@H]([C@@H](/C(=C/[C@H](C(=O)C[C@H](OC(=O)[C@@H]3CCCCN3C(=O)C(=O)[C@@]1(O2)O)[C@H](C)C[C@@H]4CCC([C@@H](C4)OC)OP(=O)(C)C)C)/C)O)OC)C)C)/C)OC
Deforolimus,137699208,klaeger,C[C@@H]1CC[C@H]2C[C@@H](/C(=C\C=C/C=C\[C@H](C[C@H](C(=O)[C@@H]([C@@H](/C(=C\[C@H](C(=O)C[C@H](OC(=O)[C@@H]3CCCCN3C(=O)C(=O)[C@@]1(O2)O)[C@H](C)C[C@@H]4CC[C@H]([C@@H](C4)OC)OP(=O)(C)C)C)/C)O)OC)C)C)/C)OC
Deforolimus,23724531,klaeger,C[C@@H]1CCC2C[C@@H](/C(=C/C=C/C=C/[C@H](C[C@H](C(=O)[C@@H]([C@@H](/C(=C/[C@H](C(=O)C[C@H](OC(=O)[C@@H]3CCCCN3C(=O)C(=O)[C@@]1(O2)O)[C@H](C)C[C@@H]4CC[C@H]([C@@H](C4)OC)OP(=O)(C)C)C)/C)O)OC)C)C)/C)OC
Deforolimus,146159240,klaeger,CC1CCC2CC(C(=CC=CC=CC(CC(C(=O)C(C(C(=CC(C(=O)CC(OC(=O)C3CCCCN3C(=O)C(=O)[C@@]1(O2)O)C(C)CC4CCC(C(C4)OC)OP(=O)(C)C)C)C)O)OC)C)C)C)OC
Deforolimus,71296108,klaeger,C[C@@H]1CC[C@H]2CC(/C(=C/C=C/C=C/[C@H](C[C@H](C(=O)[C@@H]([C@@H](/C(=C/[C@H](C(=O)C[C@H](OC(=O)[C@@H]3CCCCN3C(=O)C(=O)[C@@]1(O2)O)[C@H](C)C[C@@H]4CC[C@H]([C@@H](C4)OC)OP(=O)(C)C)C)/C)O)OC)C)C)/C)OC
Deforolimus,72734349,klaeger,C[C@@H]1CC[C@H]2C[C@@H](/C(=C/C=C/C=C/[C@H](C[C@H](C(=O)[C@@H]([C@@H](/C(=C/[C@H](C(=O)C[C@H](OC(=O)[C@@H]3CCCCN3C(=O)C(=O)C1(O2)O)[C@H](C)C[C@@H]4CC[C@H]([C@@H](C4)OC)OP(=O)(C)C)C)/C)O)OC)C)C)/C)OC
Deforolimus,74787553,klaeger,C[C@@H]1CC[C@H]2C[C@@H](C(=CC=C/C=C/[C@H](C[C@H](C(=O)[C@@H]([C@@H](/C(=C/[C@H](C(=O)C[C@H](OC(=O)[C@@H]3CCCCN3C(=O)C(=O)[C@@]1(O2)O)[C@H](C)C[C@@H]4CC[C@H]([C@@H](C4)OC)OP(=O)(C)C)C)/C)O)OC)C)C)C)OC
Deforolimus,86289926,klaeger,C[C@@H]1CC[C@H]2C[C@@H](/C(=C/C=C/C=C/[C@H](C[C@H](C(=O)C([C@@H](/C(=C/[C@H](C(=O)C[C@H](OC(=O)[C@@H]3CCCCN3C(=O)C(=O)[C@@]1(O2)O)[C@H](C)C[C@@H]4CC[C@H]([C@@H](C4)OC)OP(=O)(C)C)C)/C)O)OC)C)C)/C)OC
Deforolimus,92044413,klaeger,C[C@@H]1CC[C@H]2C[C@@H](/C(=C/C=C/C=C/[C@H](C[C@H](C(=O)[C@@H]([C@@H](/C(=C/[C@H](C(=O)C[C@H](OC(=O)[C@@H]3CCCCN3C(=O)C(=O)[C@@]1(O2)O)[C@H](C)C[C@H]4CC[C@H]([C@@H](C4)OC)OP(=O)(C)C)C)/C)O)OC)C)C)/C)OC
Deforolimus,123135742,klaeger,C[C@@H]1CC[C@H]2C[C@@H](/C(=C/C=C/C=C/[C@H](C[C@H](C(=O)[C@@H]([C@@H](/C(=C/[C@H](C(=O)CC(OC(=O)[C@@H]3CCCCN3C(=O)C(=O)[C@@]1(O2)O)[C@H](C)C[C@H]4CC[C@H]([C@@H](C4)OC)OP(=O)(C)C)C)/C)O)OC)C)C)/C)OC
Deforolimus,129317881,klaeger,CC1CC[C@@H]2CC(C(=CC=CC=CC(CC(C(=O)C(C(C(=CC(C(=O)CC(OC(=O)[C@H]3CCCCN3C(=O)C(=O)[C@@]1(O2)O)C(C)CC4CCC(C(C4)OC)OP(=O)(C)C)C)C)O)OC)C)C)C)OC
Deforolimus,137303705,klaeger,C[C@@H]1CC[C@H]2C[C@@H](/C(=C/C=C/C=C/C(C[C@H](C(=O)[C@@H]([C@@H](/C(=C/C(C(=O)C[C@H](OC(=O)C3CCCCN3C(=O)C(=O)[C@@]1(O2)O)[C@H](C)C[C@H]4CCC(C(C4)OC)OP(=O)(C)C)C)/C)O)OC)C)C)/C)OC
Deforolimus,155809409,klaeger,C[C@@H]1CC[C@H]2C[C@@H](/C(=C/C=C/C=C\[C@H](C[C@H](C(=O)[C@@H]([C@@H](/C(=C/[C@H](C(=O)C[C@H](OC(=O)[C@@H]3CCCCN3C(=O)C(=O)[C@@]1(O2)O)[C@H](C)C[C@@H]4CC[C@H]([C@@H](C4)OC)OP(=O)(C)C)C)/C)O)OC)C)C)/C)OC
Dinaciclib,46926350,klaeger,CCC1=C2N=C(C=C(N2N=C1)NCC3=C[N+](=CC=C3)[O-])N4CCCC[C@H]4CCO
Dovitinib,135398510,klaeger,CN1CCN(CC1)C2=CC3=C(C=C2)N=C(N3)C4=C(C5=C(C=CC=C5F)NC4=O)N
Encorafenib,50922675,klaeger,C[C@@H](CNC1=NC=CC(=N1)C2=CN(N=C2C3=C(C(=CC(=C3)Cl)NS(=O)(=O)C)F)C(C)C)NC(=O)OC
ENMD-2076,16041424,klaeger,CC1=CC(=NN1)NC2=CC(=NC(=N2)/C=C/C3=CC=CC=C3)N4CCN(CC4)C
Entrectinib,25141092,klaeger,CN1CCN(CC1)C2=CC(=C(C=C2)C(=O)NC3=NNC4=C3C=C(C=C4)CC5=CC(=CC(=C5)F)F)NC6CCOCC6
Enzastaurin,176167,klaeger,CN1C=C(C2=CC=CC=C21)C3=C(C(=O)NC3=O)C4=CN(C5=CC=CC=C54)C6CCN(CC6)CC7=CC=CC=N7
Erlotinib,176870,klaeger,COCCOC1=C(C=C2C(=C1)C(=NC=N2)NC3=CC=CC(=C3)C#C)OCCOC
Fasudil,3547,klaeger,C1CNCCN(C1)S(=O)(=O)C2=CC=CC3=C2C=CN=C3
Fedratinib,16722836,klaeger,CC1=CN=C(N=C1NC2=CC(=CC=C2)S(=O)(=O)NC(C)(C)C)NC3=CC=C(C=C3)OCCN4CCCC4
Filgotinib,49831257,klaeger,C1CC1C(=O)NC2=NN3C(=N2)C=CC=C3C4=CC=C(C=C4)CN5CCS(=O)(=O)CC5
Foretinib,42642645,klaeger,COC1=CC2=C(C=CN=C2C=C1OCCCN3CCOCC3)OC4=C(C=C(C=C4)NC(=O)C5(CC5)C(=O)NC6=CC=C(C=C6)F)F
Fostamatinib,11671467,klaeger,CC1(C(=O)N(C2=C(O1)C=CC(=N2)NC3=NC(=NC=C3F)NC4=CC(=C(C(=C4)OC)OC)OC)COP(=O)(O)O)C
Galunisertib,10090485,klaeger,CC1=NC(=CC=C1)C2=NN3CCCC3=C2C4=C5C=C(C=CC5=NC=C4)C(=O)N
GDC-0994,71727581,klaeger,CN1C(=CC=N1)NC2=NC=CC(=N2)C3=CC(=O)N(C=C3)[C@H](CO)C4=CC(=C(C=C4)Cl)F
Gefitinib,123631,klaeger,COC1=C(C=C2C(=C1)N=CN=C2NC3=CC(=C(C=C3)F)Cl)OCCCN4CCOCC4
Gilteritinib,49803313,klaeger,CCC1=C(N=C(C(=N1)C(=O)N)NC2=CC(=C(C=C2)N3CCC(CC3)N4CCN(CC4)C)OC)NC5CCOCC5
Golvatinib,16118392,klaeger,CN1CCN(CC1)C2CCN(CC2)C(=O)NC3=NC=CC(=C3)OC4=CC(=C(C=C4)NC(=O)C5(CC5)C(=O)NC6=CC=C(C=C6)F)F
GSK-1059615,23582824,klaeger,C1=CC2=NC=CC(=C2C=C1/C=C\3/C(=O)NC(=O)S3)C4=CC=NC=C4
GSK-1070916,46885626,klaeger,CCN1C=C(C(=N1)C2=CC=C(C=C2)NC(=O)N(C)C)C3=C4C=C(NC4=NC=C3)C5=CC=CC(=C5)CN(C)C
GSK-2110183,46843057,klaeger,CN1C(=C(C=N1)Cl)C2=C(SC(=C2)C(=O)N[C@@H](CC3=CC(=CC=C3)F)CN)Cl
GSK-461364,15983966,klaeger,C[C@H](C1=CC=CC=C1C(F)(F)F)OC2=C(SC(=C2)N3C=NC4=C3C=C(C=C4)CN5CCN(CC5)C)C(=O)N
GSK-690693,16725726,klaeger,CCN1C2=C(C(=NC=C2OC[C@H]3CCCNC3)C#CC(C)(C)O)N=C1C4=NON=C4N
HMN-214,9888590,klaeger,CC(=O)N(C1=CC=CC=C1/C=C/C2=CC=[N+](C=C2)[O-])S(=O)(=O)C3=CC=C(C=C3)OC
Hydroxyfasudil,3064778,klaeger,C1CNCCN(C1)S(=O)(=O)C2=CC=CC3=C2C=CNC3=O
Ibrutinib,24821094,klaeger,C=CC(=O)N1CCC[C@H](C1)N2C3=NC=NC(=C3C(=N2)C4=CC=C(C=C4)OC5=CC=CC=C5)N
Ibrutinib,24821094,klaeger,C=CC(=O)N1CCC[C@H](C1)N2C3=NC=NC(=C3C(=N2)C4=CC=C(C=C4)OC5=CC=CC=C5)N
Icotinib,22024915,klaeger,C#CC1=CC(=CC=C1)NC2=NC=NC3=CC4=C(C=C32)OCCOCCOCCO4
Imatinib,5291,klaeger,CC1=C(C=C(C=C1)NC(=O)C2=CC=C(C=C2)CN3CCN(CC3)C)NC4=NC=CC(=N4)C5=CN=CC=C5
IMD-0354,5081913,klaeger,C1=CC(=C(C=C1Cl)C(=O)NC2=CC(=CC(=C2)C(F)(F)F)C(F)(F)F)O
JANEX-1,3794,klaeger,COC1=C(C=C2C(=C1)C(=NC=N2)NC3=CC=C(C=C3)O)OC
JNJ-26483327,11952856,klaeger,CN1CCCCCOC2=C(C=C3C(=C2)C(=NC=N3)NC4=C(C1)C=CC(=C4)Br)OC
JNJ-38877605,46911863,klaeger,CN1C=C(C=N1)C2=NN3C(=NN=C3C(C4=CC5=C(C=C4)N=CC=C5)(F)F)C=C2
K-252a,3035817,klaeger,C[C@@]12[C@](C[C@@H](O1)N3C4=CC=CC=C4C5=C6C(=C7C8=CC=CC=C8N2C7=C53)CNC6=O)(C(=O)OC)O
K-252a,3813,klaeger,CC12C(CC(O1)N3C4=CC=CC=C4C5=C6C(=C7C8=CC=CC=C8N2C7=C53)CNC6=O)(C(=O)OC)O
K-252a,490561,klaeger,C[C@]12[C@@](C[C@H](O1)N3C4=CC=CC=C4C5=C6C(=C7C8=CC=CC=C8N2C7=C53)CNC6=O)(C(=O)OC)O
K-252a,9912413,klaeger,C[C@@]12[C@](CC(O1)N3C4=CC=CC=C4C5=C6C(=C7C8=CC=CC=C8N2C7=C53)CNC6=O)(C(=O)OC)O
K-252a,9912410,klaeger,C[C@@]12[C@@](C[C@@H](O1)N3C4=CC=CC=C4C5=C6C(=C7C8=CC=CC=C8N2C7=C53)CNC6=O)(C(=O)OC)O
K-252a,9912412,klaeger,C[C@@]12[C@@](CC(O1)N3C4=CC=CC=C4C5=C6C(=C7C8=CC=CC=C8N2C7=C53)CNC6=O)(C(=O)OC)O
K-252a,11612445,klaeger,C[C@]12[C@@](CC(O1)N3C4=CC=CC=C4C5=C6C(=C7C8=CC=CC=C8N2C7=C53)CNC6=O)(C(=O)OC)O
K-252a,98053103,klaeger,C[C@]12[C@](C[C@@H](O1)N3C4=CC=CC=C4C5=C6C(=C7C8=CC=CC=C8N2C7=C53)CNC6=O)(C(=O)OC)O
KW-2449,11427553,klaeger,C1CN(CCN1)C(=O)C2=CC=C(C=C2)/C=C/C3=NNC4=CC=CC=C43
Lapatinib,208908,klaeger,CS(=O)(=O)CCNCC1=CC=C(O1)C2=CC3=C(C=C2)N=CN=C3NC4=CC(=C(C=C4)OCC5=CC(=CC=C5)F)Cl
Lenvatinib,9823820,klaeger,COC1=CC2=NC=CC(=C2C=C1C(=O)N)OC3=CC(=C(C=C3)NC(=O)NC4CC4)Cl
Lestaurtinib,126565,klaeger,C[C@@]12[C@](C[C@@H](O1)N3C4=CC=CC=C4C5=C6C(=C7C8=CC=CC=C8N2C7=C53)CNC6=O)(CO)O
Linifanib,11485656,klaeger,CC1=CC(=C(C=C1)F)NC(=O)NC2=CC=C(C=C2)C3=C4C(=CC=C3)NN=C4N
Linsitinib,11640390,klaeger,CC1(CC(C1)C2=NC(=C3N2C=CN=C3N)C4=CC5=C(C=C4)C=CC(=N5)C6=CC=CC=C6)O
Losmapimod,11552706,klaeger,CC1=C(C=C(C=C1F)C(=O)NC2CC2)C3=NC=C(C=C3)C(=O)NCC(C)(C)C
Lucitanib,25031915,klaeger,CNC(=O)C1=CC=CC2=C1C=CC(=C2)OC3=C4C=C(C(=CC4=NC=C3)OCC5(CC5)N)OC
LY-2584702,25118925,klaeger,CN1C=C(N=C1C2CCN(CC2)C3=NC=NC4=C3C=NN4)C5=CC(=C(C=C5)F)C(F)(F)F
LY-2801653,44603533,klaeger,CC1=CC=C(C(=O)N1C2=CC=C(C=C2)F)C(=O)NC3=CC(=C(C=C3)OC4=C(C=C5C(=C4)C=NN5C)C6=CNN=C6)F
Masitinib,10074640,klaeger,CC1=C(C=C(C=C1)NC(=O)C2=CC=C(C=C2)CN3CCN(CC3)C)NC4=NC(=CS4)C5=CN=CC=C5
MGCD-265,24901704,klaeger,CN1C=C(N=C1)C2=CC3=NC=CC(=C3S2)OC4=C(C=C(C=C4)NC(=S)NC(=O)CC5=CC=CC=C5)F
Midostaurin,9829523,klaeger,C[C@@]12[C@@H]([C@@H](C[C@@H](O1)N3C4=CC=CC=C4C5=C6C(=C7C8=CC=CC=C8N2C7=C53)CNC6=O)N(C)C(=O)C9=CC=CC=C9)OC
Milciclib,16718576,klaeger,CC1(CC2=CN=C(N=C2C3=C1C(=NN3C)C(=O)NC)NC4=CC=C(C=C4)N5CCN(CC5)C)C
MK-1775,24856436,klaeger,CC(C)(C1=NC(=CC=C1)N2C3=NC(=NC=C3C(=O)N2CC=C)NC4=CC=C(C=C4)N5CCN(CC5)C)O
MK-2206,24964624,klaeger,C1CC(C1)(C2=CC=C(C=C2)C3=C(C=C4C(=N3)C=CN5C4=NNC5=O)C6=CC=CC=C6)N
MK-2461,44137946,klaeger,CN1C=C(C=N1)C2=CC3=C(C=CC4=C(C3=O)C=C(C=C4)NS(=O)(=O)N(C)C[C@@H]5COCCO5)N=C2
MK-5108,24748204,klaeger,C1CC(CCC1OC2=C(C(=CC=C2)Cl)F)(CC3=NC(=CC=C3)NC4=NC=CS4)C(=O)O
MK-8033,45142457,klaeger,CN1C=C(C=N1)C2=CC3=C(C=CC4=C(C3=O)C=C(C=C4)CS(=O)(=O)NCC5=CC=CC=N5)N=C2
MLN-2480,25161177,klaeger,C[C@H](C1=NC=C(S1)C(=O)NC2=NC=C(C(=C2)C(F)(F)F)Cl)NC(=O)C3=C(C(=NC=N3)N)Cl
MLN-8054,11712649,klaeger,C1C2=CN=C(N=C2C3=C(C=C(C=C3)Cl)C(=N1)C4=C(C=CC=C4F)F)NC5=CC=C(C=C5)C(=O)O
Momelotinib,25062766,klaeger,C1COCCN1C2=CC=C(C=C2)NC3=NC=CC(=N3)C4=CC=C(C=C4)C(=O)NCC#N
Motesanib,11667893,klaeger,CC1(CNC2=C1C=CC(=C2)NC(=O)C3=C(N=CC=C3)NCC4=CC=NC=C4)C
Mubritinib,6444692,klaeger,C1=CC(=CC=C1CCCCN2C=CN=N2)OCC3=COC(=N3)/C=C/C4=CC=C(C=C4)C(F)(F)F
Neratinib,9915743,klaeger,CCOC1=C(C=C2C(=C1)N=CC(=C2NC3=CC(=C(C=C3)OCC4=CC=CC=N4)Cl)C#N)NC(=O)/C=C/CN(C)C
Nilotinib,644241,klaeger,CC1=C(C=C(C=C1)C(=O)NC2=CC(=CC(=C2)C(F)(F)F)N3C=C(N=C3)C)NC4=NC=CC(=N4)C5=CN=CC=C5
Nintedanib,135423438,klaeger,CN1CCN(CC1)CC(=O)N(C)C2=CC=C(C=C2)N=C(C3=CC=CC=C3)C4=C(NC5=C4C=CC(=C5)C(=O)OC)O
NMS-1286937,49792852,klaeger,CN1CCN(CC1)C2=CC(=C(C=C2)OC(F)(F)F)NC3=NC=C4CCC5=C(C4=N3)N(N=C5C(=O)N)CCO
Omipalisib,25167777,klaeger,COC1=C(C=C(C=N1)C2=CC3=C(C=CN=C3C=C2)C4=CN=NC=C4)NS(=O)(=O)C5=C(C=C(C=C5)F)F
ONO-4059 analogue,89455219,klaeger,C=CC(=O)N1CCC[C@@H](C1)N2C3=NC=NC(=C3N(C2=O)C4=CC=C(C=C4)OC5=CC=CC=C5)N
Orantinib,5329099,klaeger,CC1=C(NC(=C1CCC(=O)O)C)/C=C\2/C3=CC=CC=C3NC2=O
OSI-027,135398516,klaeger,COC1=CC=CC2=C1NC(=C2)C3=C4C(=NC=NN4C(=N3)C5CCC(CC5)C(=O)O)N
OSI-930,9868037,klaeger,C1=CC=C2C(=C1)C(=CC=N2)CNC3=C(SC=C3)C(=O)NC4=CC=C(C=C4)OC(F)(F)F
Osimertinib,71496458,klaeger,CN1C=C(C2=CC=CC=C21)C3=NC(=NC=C3)NC4=C(C=C(C(=C4)NC(=O)C=C)N(C)CCN(C)C)OC
OTS-167,135398499,klaeger,CC(=O)C1=CN=C2C=CC(=NC2=C1NC3CCC(CC3)CN(C)C)C4=CC(=C(C(=C4)Cl)O)Cl
P-276-00,23643975,klaeger,CN1CC[C@H]([C@@H]1CO)C2=C(C=C(C3=C2OC(=CC3=O)C4=CC=CC=C4Cl)O)O.Cl
P-276-00,23643976,klaeger,CN1CC[C@H]([C@@H]1CO)C2=C(C=C(C3=C2OC(=CC3=O)C4=CC=CC=C4Cl)O)O
Pacritinib,46216796,klaeger,C1CCN(C1)CCOC2=C3COC/C=C/COCC4=CC(=CC=C4)C5=NC(=NC=C5)NC(=C3)C=C2
Palbociclib,5330286,klaeger,CC1=C(C(=O)N(C2=NC(=NC=C12)NC3=NC=C(C=C3)N4CCNCC4)C5CCCC5)C(=O)C
Palbociclib,5330286,klaeger,CC1=C(C(=O)N(C2=NC(=NC=C12)NC3=NC=C(C=C3)N4CCNCC4)C5CCCC5)C(=O)C
Palbociclib,5330286,klaeger,CC1=C(C(=O)N(C2=NC(=NC=C12)NC3=NC=C(C=C3)N4CCNCC4)C5CCCC5)C(=O)C
Pazopanib,10113978,klaeger,CC1=C(C=C(C=C1)NC2=NC=CC(=N2)N(C)C3=CC4=NN(C(=C4C=C3)C)C)S(=O)(=O)N
PD-325901,9826528,klaeger,C1=CC(=C(C=C1I)F)NC2=C(C=CC(=C2F)F)C(=O)NOC[C@@H](CO)O
PD-325901,9826528,klaeger,C1=CC(=C(C=C1I)F)NC2=C(C=CC(=C2F)F)C(=O)NOC[C@@H](CO)O
Pelitinib,6445562,klaeger,CCOC1=C(C=C2C(=C1)N=CC(=C2NC3=CC(=C(C=C3)F)Cl)C#N)NC(=O)/C=C/CN(C)C
Pexidartinib,25151352,klaeger,C1=CC(=NC=C1CC2=CNC3=C2C=C(C=N3)Cl)NCC4=CN=C(C=C4)C(F)(F)F
Pexmetinib,24765037,klaeger,CC1=CC=C(C=C1)N2C(=CC(=N2)C(C)(C)C)NC(=O)NCC3=C(C=CC(=C3)F)OC4=CC5=C(C=C4)N(N=C5)CCO
PF-03814735,51346455,klaeger,CC(=O)NCC(=O)N1[C@H]2CC[C@@H]1C3=C2C=CC(=C3)NC4=NC=C(C(=N4)NC5CCC5)C(F)(F)F
PF-04217903,17754438,klaeger,C1=CC2=C(C=CC(=C2)CN3C4=NC(=CN=C4N=N3)C5=CN(N=C5)CCO)N=C1
PF-04217903,17754438,klaeger,C1=CC2=C(C=CC(=C2)CN3C4=NC(=CN=C4N=N3)C5=CN(N=C5)CCO)N=C1
PF-04691502,25033539,klaeger,CC1=C2C=C(C(=O)N(C2=NC(=N1)N)C3CCC(CC3)OCCO)C4=CN=C(C=C4)OC
PF-3758309,25227462,klaeger,CC1=NC2=C(C(=N1)NC3=NNC4=C3CN(C4(C)C)C(=O)N[C@H](CN(C)C)C5=CC=CC=C5)SC=C2
PF-477736,135565545,klaeger,CN1C=C(C=N1)C2=C3C=NNC(=O)C4=C3C(=CC(=C4)NC(=O)[C@@H](C5CCCCC5)N)N2
PF-477736,135565545,klaeger,CN1C=C(C=N1)C2=C3C=NNC(=O)C4=C3C(=CC(=C4)NC(=O)[C@@H](C5CCCCC5)N)N2
PF-562271,11713159,klaeger,CN(C1=C(C=CC=N1)CNC2=NC(=NC=C2C(F)(F)F)NC3=CC4=C(C=C3)NC(=O)C4)S(=O)(=O)C
PH-797804,22049997,klaeger,CC1=C(C=C(C=C1)C(=O)NC)N2C(=CC(=C(C2=O)Br)OCC3=C(C=C(C=C3)F)F)C
PH-797804,22049997,klaeger,CC1=C(C=C(C=C1)C(=O)NC)N2C(=CC(=C(C2=O)Br)OCC3=C(C=C(C=C3)F)F)C
PHA-793887,46191454,klaeger,CC(C)CC(=O)NC1=NNC2=C1CN(C2(C)C)C(=O)C3CCN(CC3)C
Pictilisib,17755052,klaeger,CS(=O)(=O)N1CCN(CC1)CC2=CC3=C(S2)C(=NC(=N3)C4=C5C=NNC5=CC=C4)N6CCOCC6
Pictilisib,17755052,klaeger,CS(=O)(=O)N1CCN(CC1)CC2=CC3=C(S2)C(=NC(=N3)C4=C5C=NNC5=CC=C4)N6CCOCC6
Pimasertib,44187362,klaeger,C1=CC(=C(C=C1I)F)NC2=C(C=CN=C2)C(=O)NC[C@@H](CO)O
Ponatinib,24826799,klaeger,CC1=C(C=C(C=C1)C(=O)NC2=CC(=C(C=C2)CN3CCN(CC3)C)C(F)(F)F)C#CC4=CN=C5N4N=CC=C5
Poziotinib,25127713,klaeger,COC1=C(C=C2C(=C1)N=CN=C2NC3=C(C(=C(C=C3)Cl)Cl)F)OC4CCN(CC4)C(=O)C=C
Quizartinib,24889392,klaeger,CC(C)(C)C1=CC(=NO1)NC(=O)NC2=CC=C(C=C2)C3=CN4C5=C(C=C(C=C5)OCCN6CCOCC6)SC4=N3
R-406,11213558,klaeger,CC1(C(=O)NC2=C(O1)C=CC(=N2)NC3=NC(=NC=C3F)NC4=CC(=C(C(=C4)OC)OC)OC)C
R-547,6918852,klaeger,COC1=C(C(=C(C=C1)F)F)C(=O)C2=CN=C(N=C2N)NC3CCN(CC3)S(=O)(=O)C
Rabusertib,11955855,klaeger,CC1=CC(=C(C=C1Br)NC(=O)NC2=NC=C(N=C2)C)OC[C@@H]3CNCCO3
RAF-265,11656518,klaeger,CN1C2=C(C=C(C=C2)OC3=CC(=NC=C3)C4=NC=C(N4)C(F)(F)F)N=C1NC5=CC=C(C=C5)C(F)(F)F
Rebastinib,25066467,klaeger,CC(C)(C)C1=NN(C(=C1)NC(=O)NC2=C(C=C(C=C2)OC3=CC(=NC=C3)C(=O)NC)F)C4=CC5=C(C=C4)N=CC=C5
Refametinib,44182295,klaeger,COC1=CC(=C(C(=C1NS(=O)(=O)C2(CC2)C[C@@H](CO)O)NC3=C(C=C(C=C3)I)F)F)F
Regorafenib,11167602,klaeger,CNC(=O)C1=NC=CC(=C1)OC2=CC(=C(C=C2)NC(=O)NC3=CC(=C(C=C3)Cl)C(F)(F)F)F
RGB-286638,11285001,klaeger,COCCN1CCN(CC1)CC2=CC=C(C=C2)C3=NNC4=C3C(=O)C5=C4C=CC=C5NC(=O)NN6CCOCC6.Cl.Cl
RGB-286638,11285002,klaeger,COCCN1CCN(CC1)CC2=CC=C(C=C2)C3=NNC4=C3C(=O)C5=C4C=CC=C5NC(=O)NN6CCOCC6
Ribociclib,44631912,klaeger,CN(C)C(=O)C1=CC2=CN=C(N=C2N1C3CCCC3)NC4=NC=C(C=C4)N5CCNCC5
Ribociclib,44631912,klaeger,CN(C)C(=O)C1=CC2=CN=C(N=C2N1C3CCCC3)NC4=NC=C(C=C4)N5CCNCC5
Rigosertib,6918736,klaeger,COC1=C(C=C(C=C1)CS(=O)(=O)/C=C/C2=C(C=C(C=C2OC)OC)OC)NCC(=O)O
Ripasudil,9863672,klaeger,C[C@H]1CNCCCN1S(=O)(=O)C2=CC=CC3=CN=CC(=C32)F
Ro-4987655,11548630,klaeger,C1CC(=O)N(OC1)CC2=CC(=C(C(=C2F)F)NC3=C(C=C(C=C3)I)F)C(=O)NOCCO
Ro-5126766,16719221,klaeger,CC1=C(C(=O)OC2=C1C=CC(=C2)OC3=NC=CC=N3)CC4=C(C(=NC=C4)NS(=O)(=O)NC)F
Rociletinib,57335384,klaeger,CC(=O)N1CCN(CC1)C2=CC(=C(C=C2)NC3=NC=C(C(=N3)NC4=CC(=CC=C4)NC(=O)C=C)C(F)(F)F)OC
Ruboxistaurin,153999,klaeger,CN(C)C[C@@H]1CCN2C=C(C3=CC=CC=C32)C4=C(C5=CN(CCO1)C6=CC=CC=C65)C(=O)NC4=O
Ruxolitinib,25126798,klaeger,C1CCC(C1)[C@@H](CC#N)N2C=C(C=N2)C3=C4C=CNC4=NC=N3
Sapanisertib,45375953,klaeger,CC(C)N1C2=NC=NC(=C2C(=N1)C3=CC4=C(C=C3)OC(=N4)N)N
Sapitinib,11488320,klaeger,CNC(=O)CN1CCC(CC1)OC2=C(C=C3C(=C2)C(=NC=N3)NC4=C(C(=CC=C4)Cl)F)OC
SAR-407899,15604510,klaeger,C1CNCCC1OC2=CC3=C(C=C2)C(=O)NC=C3
Saracatinib,10302451,klaeger,CN1CCN(CC1)CCOC2=CC3=C(C(=C2)OC4CCOCC4)C(=NC=N3)NC5=C(C=CC6=C5OCO6)Cl
SB-1317,16739650,klaeger,CN1C/C=C/CCOC2=CC=CC(=C2)C3=NC(=NC=C3)NC4=CC=CC(=C4)C1
SCH-900776,46239015,klaeger,CN1C=C(C=N1)C2=C3N=C(C(=C(N3N=C2)N)Br)[C@@H]4CCCNC4
Seliciclib,160355,klaeger,CC[C@H](CO)NC1=NC(=C2C(=N1)N(C=N2)C(C)C)NCC3=CC=CC=C3
Selumetinib,10127622,klaeger,CN1C=NC2=C1C=C(C(=C2F)NC3=C(C=C(C=C3)Br)Cl)C(=O)NOCCO
SGI-1776,24795070,klaeger,CN1CCC(CC1)CNC2=NN3C(=NC=C3C4=CC(=CC=C4)OC(F)(F)F)C=C2
SGX-523,24779724,klaeger,CN1C=C(C=N1)C2=NN3C(=NN=C3SC4=CC5=C(C=C4)N=CC=C5)C=C2
Silmitasertib,24748573,klaeger,C1=CC(=CC(=C1)Cl)NC2=NC3=C(C=CC(=C3)C(=O)O)C4=C2C=CN=C4
SNS-314,24995524,klaeger,C1=CC(=CC(=C1)Cl)NC(=O)NC2=NC=C(S2)CCNC3=NC=NC4=C3SC=C4
Sonolisib,9849735,klaeger,CC(=O)O[C@@H]1C[C@]2([C@@H](CCC2=O)C3=C1[C@]4([C@H](OC(=O)/C(=C/N(CC=C)CC=C)/C4=C(C3=O)O)COC)C)C
Sorafenib,216239,klaeger,CNC(=O)C1=NC=CC(=C1)OC2=CC=C(C=C2)NC(=O)NC3=CC(=C(C=C3)Cl)C(F)(F)F
Sotrastaurin,10296883,klaeger,CN1CCN(CC1)C2=NC3=CC=CC=C3C(=N2)C4=C(C(=O)NC4=O)C5=CNC6=CC=CC=C65
SU-14813,10138259,klaeger,CC1=C(NC(=C1C(=O)NC[C@@H](CN2CCOCC2)O)C)/C=C\3/C4=C(C=CC(=C4)F)NC3=O
Sunitinib,5329102,klaeger,CCN(CC)CCNC(=O)C1=C(NC(=C1C)/C=C\2/C3=C(C=CC(=C3)F)NC2=O)C
TAK-285,11620908,klaeger,CC(C)(CC(=O)NCCN1C=CC2=C1C(=NC=N2)NC3=CC(=C(C=C3)OC4=CC=CC(=C4)C(F)(F)F)Cl)O
TAK-593,24767976,klaeger,CC1=C(C=C(C=C1)OC2=NN3C=C(N=C3C=C2)NC(=O)C4CC4)NC(=O)C5=CC(=NN5C)C
TAK-733,24963252,klaeger,CN1C2=C(C(=C(C1=O)F)NC3=C(C=C(C=C3)I)F)C(=O)N(C=N2)C[C@H](CO)O
TAK-901,16124208,klaeger,CCS(=O)(=O)C1=CC=CC(=C1)C2=CC(=C(C3=C2C4=C(N3)N=CC(=C4)C)C)C(=O)NC5CCN(CC5)C
Talmapimod,9871074,klaeger,C[C@@H]1CN([C@H](CN1C(=O)C2=C(C=C3C(=C2)C(=CN3C)C(=O)C(=O)N(C)C)Cl)C)CC4=CC=C(C=C4)F
Tandutinib,3038522,klaeger,CC(C)OC1=CC=C(C=C1)NC(=O)N2CCN(CC2)C3=NC=NC4=CC(=C(C=C43)OC)OCCCN5CCCCC5
Tanzisertib,11597537,klaeger,C1COC[C@H]1N2C3=NC(=NC=C3N=C2NC4=C(C=C(C=C4F)F)F)NC5CCC(CC5)O
Telatinib,9808844,klaeger,CNC(=O)C1=NC=CC(=C1)COC2=NN=C(C3=C2OC=C3)NC4=CC=C(C=C4)Cl
Tepotinib,25171648,klaeger,CN1CCC(CC1)COC2=CN=C(N=C2)C3=CC=CC(=C3)CN4C(=O)C=CC(=N4)C5=CC=CC(=C5)C#N
Tesevatinib,10458325,klaeger,CN1C[C@H]2CC(C[C@H]2C1)COC3=C(C=C4C(=C3)N=CN=C4NC5=C(C(=C(C=C5)Cl)Cl)F)OC
TG-100115,10427712,klaeger,C1=CC(=CC(=C1)O)C2=NC3=C(N=C(N=C3N=C2C4=CC(=CC=C4)O)N)N
TG-100572,11712625,klaeger,CC1=CC(=CC2=C1N=C(N=N2)NC3=CC=C(C=C3)OCCN4CCCC4)C5=C(C=CC(=C5)O)Cl
TG-100801,11973736,klaeger,CC1=CC(=CC2=C1N=C(N=N2)NC3=CC=C(C=C3)OCCN4CCCC4)C5=C(C=CC(=C5)OC(=O)C6=CC=CC=C6)Cl
Tivantinib,11494412,klaeger,C1CC2=C3C(=CC=C2)C(=CN3C1)[C@H]4[C@@H](C(=O)NC4=O)C5=CNC6=CC=CC=C65
Tivozanib,9911830,klaeger,CC1=CC(=NO1)NC(=O)NC2=C(C=C(C=C2)OC3=C4C=C(C(=CC4=NC=C3)OC)OC)Cl
Tofacitinib,9926791,klaeger,C[C@@H]1CCN(C[C@@H]1N(C)C2=NC=NC3=C2C=CN3)C(=O)CC#N
Tofacitinib,9926791,klaeger,C[C@@H]1CCN(C[C@@H]1N(C)C2=NC=NC3=C2C=CN3)C(=O)CC#N
Tozasertib,5494449,klaeger,CC1=CC(=NN1)NC2=CC(=NC(=N2)SC3=CC=C(C=C3)NC(=O)C4CC4)N5CCN(CC5)C
Trametinib,11707110,klaeger,CC1=C2C(=C(N(C1=O)C)NC3=C(C=C(C=C3)I)F)C(=O)N(C(=O)N2C4=CC=CC(=C4)NC(=O)C)C5CC5
UCN-01,72271,klaeger,C[C@@]12[C@@H]([C@@H](C[C@@H](O1)N3C4=CC=CC=C4C5=C6C(=C7C8=CC=CC=C8N2C7=C53)[C@H](NC6=O)O)NC)OC
UCN-01,3078519,klaeger,C[C@@]12[C@@H]([C@@H](C[C@@H](O1)N3C4=CC=CC=C4C5=C6C(=C7C8=CC=CC=C8N2C7=C53)[C@@H](NC6=O)O)NC)OC
UCN-01,5459175,klaeger,C[C@@]12[C@@H]([C@@H](C[C@H](O1)N3C4=CC=CC=C4C5=C6C(=C7C8=CC=CC=C8N2C7=C53)[C@H](NC6=O)O)NC)OC
UCN-01,4616292,klaeger,CC12C(C(CC(O1)N3C4=CC=CC=C4C5=C6C(=C7C8=CC=CC=C8N2C7=C53)C(NC6=O)O)NC)OC
UCN-01,56603728,klaeger,C[C@@]12[C@H]([C@H](C[C@H](O1)N3C4=CC=CC=C4C5=C6C(=C7C8=CC=CC=C8N2C7=C53)C(NC6=O)O)NC)OC
Ulixertinib,11719003,klaeger,CC(C)NC1=NC=C(C(=C1)C2=CNC(=C2)C(=O)N[C@H](CO)C3=CC(=CC=C3)Cl)Cl
Uprosertib,51042438,klaeger,CN1C(=C(C=N1)Cl)C2=C(OC(=C2)C(=O)N[C@@H](CC3=CC(=C(C=C3)F)F)CN)Cl
Uprosertib,51042438,klaeger,CN1C(=C(C=N1)Cl)C2=C(OC(=C2)C(=O)N[C@@H](CC3=CC(=C(C=C3)F)F)CN)Cl
Vandetanib,3081361,klaeger,CN1CCC(CC1)COC2=C(C=C3C(=C2)N=CN=C3NC4=C(C=C(C=C4)Br)F)OC
Varlitinib,42642648,klaeger,C[C@@H]1COC(=N1)NC2=CC3=C(C=C2)N=CN=C3NC4=CC(=C(C=C4)OCC5=NC=CS5)Cl
Vatalanib,151194,klaeger,C1=CC=C2C(=C1)C(=NN=C2NC3=CC=C(C=C3)Cl)CC4=CC=NC=C4
Vemurafenib,42611257,klaeger,CCCS(=O)(=O)NC1=C(C(=C(C=C1)F)C(=O)C2=CNC3=C2C=C(C=N3)C4=CC=C(C=C4)Cl)F
Volasertib,10461508,klaeger,CC[C@@H]1C(=O)N(C2=CN=C(N=C2N1C(C)C)NC3=C(C=C(C=C3)C(=O)NC4CCC(CC4)N5CCN(CC5)CC6CC6)OC)C
Volitinib,68289010,klaeger,C[C@@H](C1=CN2C=CN=C2C=C1)N3C4=NC(=CN=C4N=N3)C5=CN(N=C5)C
VX-702,10341154,klaeger,C1=CC(=C(C(=C1)F)N(C2=NC(=C(C=C2)C(=O)N)C3=C(C=C(C=C3)F)F)C(=O)N)F
X-396,56960447,klaeger,C[C@H](C1=C(C=CC(=C1Cl)F)Cl)OC2=CC(=NN=C2N)C(=O)NC3=CC=C(C=C3)C(=O)N4CCN(CC4)C
XL-019,57990869,klaeger,C1C[C@H](NC1)C(=O)NC2=CC=C(C=C2)C3=NC(=NC=C3)NC4=CC=C(C=C4)N5CCOCC5
XL-019,57990770,klaeger,C1CC(NC1)C(=O)NC2=CC=C(C=C2)C3=NC(=NC=C3)NC4=CC=C(C=C4)N5CCOCC5
XL-228,59757974,klaeger,CC(C)C1=NOC(=C1)CNC2=NC(=CC(=N2)N3CCN(CC3)C)NC4=NNC(=C4)C5CC5
XL-413,135564632,klaeger,C1C[C@H](NC1)C2=NC3=C(C(=O)N2)OC4=C3C=C(C=C4)Cl
XL-413,136662663,klaeger,C1CC(NC1)C2=NC3=C(C(=O)N2)OC4=C3C=C(C=C4)Cl
Y-39983,9810884,klaeger,C[C@H](C1=CC=C(C=C1)C(=O)NC2=C3C=CNC3=NC=C2)N
